ID,Age,Education,MaritalStatus,Income,KidsHousehold,TeensHousehold,NWebPurchases,NStorePurchases,AcceptedCampaign,Complaint,SpendProducts
2499,33,Bachelor,Married,51373,0,0,3,3,0,0,276
523,60,Bachelor,Single,58138,0,0,8,4,0,0,806
316,66,Bachelor,Single,46344,1,1,1,2,0,0,9
454,55,Bachelor,Married,71613,0,0,8,10,0,0,287
814,36,Bachelor,Married,26646,1,0,2,4,0,0,34
4,39,PhD,Married,58293,1,0,5,6,0,0,207
635,53,Master,Married,62513,0,1,6,10,0,0,140
2422,49,Bachelor,Divorced,55635,0,1,7,7,0,0,279
2930,35,PhD,Married,33454,1,0,4,4,0,0,69
1612,46,PhD,Married,30351,1,0,3,2,0,0,27
157,70,PhD,Married,5648,1,1,1,0,1,0,7
2441,44,Diploma,Married,7500,0,0,2,3,0,0,38
1344,61,Bachelor,Divorced,63033,0,0,3,8,0,0,766
2786,68,Master,Divorced,59354,1,1,6,5,0,0,58
108,33,Bachelor,Married,17323,0,0,1,3,0,0,37
933,74,PhD,Single,82800,0,0,7,12,1,0,196
1618,40,Bachelor,Married,41850,1,1,3,3,0,0,26
2670,74,Bachelor,Married,37760,0,0,4,6,0,0,193
2781,71,Master,Married,76995,0,1,11,9,1,0,578
673,35,Master,Single,33812,1,0,2,3,0,0,66
2615,38,Bachelor,Married,37040,0,0,4,5,0,0,144
2398,41,Bachelor,Married,2447,1,0,0,0,0,0,1727
2358,71,PhD,Married,58607,0,1,2,9,1,0,86
468,66,PhD,Married,65324,0,1,6,9,0,0,123
2047,69,Bachelor,Married,40689,0,1,7,5,0,0,69
2585,51,Bachelor,Single,18589,0,0,2,3,0,0,44
1710,44,Bachelor,Married,53359,1,1,5,4,0,0,37
1764,31,Bachelor,Married,38360,1,0,2,4,0,0,64
1023,55,PhD,Married,84618,0,0,6,10,1,0,922
1410,31,Master,Divorced,10979,0,0,3,3,0,0,16
316,57,Master,Married,38620,0,0,2,3,0,0,95
62,50,Bachelor,Married,40548,0,1,2,4,1,0,7
2734,68,PhD,Divorced,46610,0,1,4,6,0,0,141
1602,74,Master,Married,68657,0,0,3,9,0,0,624
3006,69,Master,Single,49389,1,1,2,3,0,0,21
453,50,PhD,Married,67353,0,1,5,12,0,0,168
3005,44,Master,Married,23718,1,0,3,2,0,0,32
936,47,Bachelor,Widow,42429,0,1,1,3,0,0,8
2125,77,PhD,Divorced,48948,0,0,7,5,1,0,374
520,40,Bachelor,Married,80011,0,1,8,5,0,0,694
972,35,Master,Married,20559,1,0,2,3,0,0,33
2914,63,Bachelor,Married,21994,0,1,0,3,0,0,9
2578,45,Master,Married,7500,1,0,2,3,0,0,14
1696,44,Bachelor,Single,79941,0,0,2,9,0,0,657
2219,24,Master,Married,7500,0,0,3,3,0,0,47
545,52,Bachelor,Married,41728,1,0,2,2,0,0,24
1961,66,PhD,Married,72550,1,1,5,12,0,0,417
2188,63,Bachelor,Widow,65486,0,1,4,10,0,0,181
2506,56,Master,Married,79143,0,0,6,13,0,0,844
786,43,Bachelor,Single,35790,1,0,2,3,0,0,56
62,43,Bachelor,Divorced,82582,0,0,4,7,1,0,826
2039,42,Bachelor,Married,66373,1,1,4,10,0,0,145
2133,65,Master,Married,82384,0,0,3,13,1,0,663
2033,54,Bachelor,Divorced,70287,0,0,5,10,0,0,638
404,32,Bachelor,Single,27938,1,0,1,4,0,0,10
1426,52,PhD,Married,55954,0,1,8,6,0,0,28
2832,38,Master,Single,75777,0,0,3,11,1,0,633
2595,45,Bachelor,Married,66653,1,1,4,12,0,0,136
1206,68,Bachelor,Single,61823,0,1,8,10,0,0,178
2454,69,PhD,Widow,67680,0,1,7,8,0,0,48
1755,72,Bachelor,Married,70666,0,0,7,4,0,0,526
2330,49,Bachelor,Married,25721,1,0,1,2,0,0,12
1103,53,Bachelor,Married,32474,1,1,1,2,0,0,1
483,41,Master,Single,88194,0,1,11,10,1,0,524
1841,62,Bachelor,Married,69096,0,1,5,10,0,0,215
3037,50,Bachelor,Married,74854,1,1,2,5,0,0,604
2411,66,Master,Married,66991,0,0,4,6,0,0,685
605,61,Bachelor,Married,65031,0,1,10,13,0,0,482
2169,45,PhD,Married,60631,1,1,9,8,1,0,71
985,68,Bachelor,Married,28332,0,0,2,4,0,0,27
1296,43,Bachelor,Divorced,40246,1,0,1,2,0,0,9
889,48,Master,Married,75251,0,0,7,5,0,0,1133
2335,44,Bachelor,Single,75825,0,0,5,9,1,0,1021
646,44,Master,Married,26326,0,0,0,3,0,1,5
374,55,Bachelor,Married,56046,0,0,10,8,1,0,64
14,35,Bachelor,Single,29760,1,0,3,4,0,0,79
1067,51,Bachelor,Married,26304,1,0,1,2,0,0,8
1256,47,Master,Married,23559,1,0,3,3,0,0,31
2046,57,Master,Married,38620,0,0,2,3,0,0,95
2160,33,Bachelor,Divorced,81361,0,0,3,13,0,0,474
2198,60,Bachelor,Married,29440,1,1,1,4,0,0,32
1628,50,Master,Married,36138,1,1,3,4,1,0,16
251,63,Bachelor,Single,50388,0,1,6,6,1,0,43
549,47,Bachelor,Married,79593,0,0,5,7,1,0,738
1951,53,Bachelor,Married,54178,0,1,2,5,0,0,52
734,48,Master,Single,42394,1,0,1,3,0,0,12
556,50,PhD,Married,23626,1,0,3,3,0,0,16
412,37,Bachelor,Married,30096,1,0,2,3,0,0,26
6,60,Bachelor,Widow,47916,0,1,7,6,1,0,26
3058,48,Bachelor,Divorced,51813,1,1,2,3,0,0,9
2937,69,Master,Married,78497,0,0,5,12,1,0,548
3015,37,PhD,Married,50150,0,0,5,7,0,0,203
1124,60,Master,Single,47823,0,1,2,3,0,0,8
1916,61,PhD,Single,34554,0,1,2,3,0,0,9
796,41,Bachelor,Married,85693,0,1,9,11,0,0,540
2424,75,PhD,Married,65846,0,0,6,6,0,0,437
575,61,Bachelor,Married,87195,0,0,3,5,0,0,816
748,41,Diploma,Married,24594,1,0,1,3,0,0,19
2483,56,Bachelor,Married,49096,1,1,4,4,0,0,35
3070,51,Bachelor,Married,52413,0,1,6,12,0,0,452
1340,42,Bachelor,Single,38557,1,0,3,3,0,0,38
2114,60,Master,Married,89058,0,0,5,4,0,0,331
1048,41,Bachelor,Married,77298,0,1,6,11,0,0,430
2735,29,PhD,Single,68126,0,0,7,5,1,0,351
2513,57,Master,Married,57288,0,1,8,8,1,0,21
1194,29,Bachelor,Single,86037,0,0,6,11,1,0,198
1886,40,PhD,Married,43974,1,0,6,6,0,0,101
2731,58,Bachelor,Single,50785,1,1,2,3,0,0,22
1920,50,Bachelor,Married,90765,0,0,4,5,1,0,1062
1021,42,Master,Married,36550,1,0,9,5,0,0,307
2458,53,Master,Married,30753,1,1,1,3,0,0,30
1596,51,Bachelor,Married,21918,1,0,2,3,0,0,24
1572,67,Master,Married,56129,0,1,6,10,0,0,220
1514,53,Master,Single,32557,1,0,2,3,0,0,32
718,35,Master,Married,19510,1,0,1,3,0,0,10
1184,44,Bachelor,Divorced,30992,1,0,1,3,0,0,21
1888,37,Bachelor,Single,101970,0,0,6,13,1,0,173
1804,55,Master,Married,71488,0,0,3,7,0,0,197
2688,36,Bachelor,Single,79607,0,0,3,6,0,0,1257
1458,67,Master,Married,54348,1,1,2,4,0,0,16
2470,64,PhD,Married,77376,1,1,6,10,0,0,145
2789,68,Bachelor,Married,62998,0,1,5,5,0,0,196
576,62,Master,Single,61331,1,1,11,6,0,0,52
2747,51,Bachelor,Married,73448,0,0,7,9,0,0,318
1096,56,PhD,Married,41551,1,1,5,5,0,0,36
310,53,PhD,Married,62981,0,0,4,13,1,0,642
1302,44,Diploma,Divorced,9548,1,0,1,3,0,0,14
849,61,PhD,Married,33762,1,1,2,2,0,0,37
1231,47,PhD,Single,35860,1,1,1,2,1,0,12
2889,55,PhD,Divorced,36921,1,1,2,3,0,0,16
30,28,Master,Single,92859,0,0,5,12,0,0,1034
1059,44,Master,Married,65104,0,1,3,7,0,0,245
2592,58,Bachelor,Married,86111,0,0,5,10,0,0,820
404,46,PhD,Single,68352,0,1,8,9,0,0,191
209,32,Bachelor,Married,41883,1,0,4,3,0,0,148
14,44,Bachelor,Married,59809,0,1,3,6,0,0,189
2968,45,Bachelor,Married,23957,1,0,2,3,0,0,39
1602,39,Bachelor,Married,38547,1,0,1,2,0,1,11
1588,47,Master,Married,35688,1,1,4,4,0,0,105
582,54,Master,Married,49605,0,0,2,4,0,0,57
1203,67,Master,Married,59354,0,1,4,7,0,0,138
2544,51,Bachelor,Married,65747,0,1,8,6,1,0,88
700,48,Master,Married,46344,0,1,7,5,0,0,85
2917,32,Bachelor,Single,34176,1,0,3,4,0,0,50
1100,68,PhD,Married,61010,0,1,8,11,0,0,57
1780,71,Bachelor,Married,69372,0,0,10,6,1,0,329
2182,62,Bachelor,Single,49967,0,1,6,5,0,0,79
1934,42,Bachelor,Single,60199,1,1,0,3,0,0,10
1166,43,Bachelor,Married,55375,0,1,1,6,0,0,78
2941,65,Bachelor,Single,80317,0,0,3,10,0,0,547
652,62,Master,Single,30523,1,1,1,2,0,0,3
1061,75,PhD,Married,70356,0,0,10,9,0,0,308
1393,36,Bachelor,Married,23228,1,0,3,4,0,0,59
1507,45,PhD,Divorced,74165,0,0,5,10,0,0,268
1904,47,PhD,Married,157243,0,1,0,0,0,0,1585
504,54,Bachelor,Married,43482,1,1,2,4,0,0,39
1200,67,Bachelor,Divorced,62551,0,0,6,4,1,0,248
1611,61,Bachelor,Divorced,52332,0,0,3,6,1,0,45
105,32,Bachelor,Single,66951,0,0,3,7,0,0,640
696,63,Bachelor,Married,26091,1,1,2,3,0,0,37
372,55,Bachelor,Married,33456,1,1,1,3,0,0,21
1193,38,Bachelor,Married,28718,1,0,2,3,0,0,21
1887,50,Bachelor,Married,50447,1,0,3,3,0,0,33
769,61,PhD,Married,53537,1,1,2,3,0,0,6
2268,53,Bachelor,Single,52074,0,1,2,2,1,0,12
2103,45,PhD,Married,80427,0,1,11,8,0,0,589
2874,72,PhD,Married,83837,0,0,9,5,1,0,271
1811,50,PhD,Married,38853,1,1,2,3,0,0,14
1805,61,Bachelor,Married,38285,1,1,0,3,0,0,7
2560,69,Master,Married,78497,0,0,5,12,1,0,548
496,44,PhD,Married,51650,0,1,4,4,0,0,27
333,32,Master,Married,16248,1,0,2,3,0,0,24
47,74,Master,Married,66835,0,0,6,13,0,0,255
558,36,Master,Married,30477,1,0,1,3,0,0,7
2958,59,Diploma,Married,28249,0,0,2,3,0,0,18
2473,37,Bachelor,Married,25271,1,0,1,2,0,0,29
1872,50,PhD,Single,32303,0,1,1,4,0,0,2
183,54,Bachelor,Married,61286,0,1,7,8,0,0,126
2619,44,Bachelor,Married,74068,0,0,4,9,0,0,707
56,56,PhD,Married,45759,1,1,2,3,0,0,22
1384,42,Diploma,Married,24882,1,0,1,2,1,0,43
2554,31,PhD,Married,66973,0,0,8,12,0,0,601
881,120,Master,Divorced,36640,1,0,2,2,0,1,21
2291,32,Bachelor,Married,38872,1,0,3,3,0,0,27
2507,47,Bachelor,Married,51148,1,1,5,6,0,0,59
2099,43,Bachelor,Married,31353,1,1,1,2,0,0,13
356,40,Master,Married,69661,0,0,7,12,0,0,154
2503,66,Bachelor,Married,80067,0,0,4,6,1,0,857
1390,66,Bachelor,Married,86718,0,0,5,5,0,0,721
128,47,PhD,Single,46854,1,1,5,3,1,0,87
2351,68,Bachelor,Divorced,69142,0,1,8,7,1,0,44
2888,52,Bachelor,Single,75922,0,0,4,9,0,0,915
262,42,Bachelor,Divorced,63693,0,1,11,9,0,0,422
1453,43,PhD,Married,102160,0,0,7,10,1,0,243
2983,55,PhD,Single,40637,1,1,1,3,0,0,13
384,36,Master,Single,18890,0,0,0,2,1,0,12
1086,32,Bachelor,Married,29604,1,0,1,3,1,0,26
1544,57,Master,Divorced,48721,1,1,4,5,0,0,178
75,54,Bachelor,Married,44794,0,1,2,3,0,0,7
1257,66,Bachelor,Divorced,64497,0,1,11,9,1,0,410
3000,64,Bachelor,Married,46097,0,1,3,6,0,0,157
1503,66,Bachelor,Married,77972,0,0,4,9,0,0,374
276,52,PhD,Married,44377,1,1,5,5,0,0,30
1946,46,Master,Married,46014,1,1,7,8,0,0,78
390,35,Bachelor,Married,70951,0,0,3,9,0,0,818
2145,43,Bachelor,Married,41443,1,0,8,5,0,0,203
2112,42,Master,Single,52195,1,1,1,2,0,0,4
2237,72,Master,Married,83790,0,0,8,6,1,0,475
3008,66,Master,Widow,44551,0,1,4,5,0,0,37
2773,40,Bachelor,Married,69508,1,0,11,11,0,0,236
222,32,Master,Married,45204,1,0,1,4,0,0,65
1659,51,Bachelor,Married,72460,0,0,3,7,0,0,630
242,50,PhD,Married,77622,0,1,6,11,0,0,180
2451,40,PhD,Married,30732,1,0,4,4,0,0,26
39,58,Bachelor,Divorced,63887,0,1,9,12,0,0,245
2704,42,Bachelor,Married,42011,1,0,3,4,0,0,18
831,44,Bachelor,Married,51369,0,1,8,4,0,0,86
1919,68,Bachelor,Divorced,51537,0,1,2,11,0,0,224
1715,48,PhD,Married,79930,0,0,3,8,0,0,893
144,34,PhD,Married,34320,1,0,1,2,0,0,13
412,54,Bachelor,Single,37070,1,1,5,8,0,0,148
20,58,Master,Divorced,81975,0,1,6,4,1,0,440
2821,49,Bachelor,Married,38590,1,0,1,2,0,0,13
2735,69,Bachelor,Single,15033,0,0,1,3,0,0,15
2582,55,PhD,Married,62745,0,1,7,11,0,0,513
1689,45,Master,Married,22212,1,0,2,4,0,0,35
1267,38,Master,Married,23661,1,0,1,3,0,0,4
2361,62,PhD,Single,79761,0,1,5,11,0,0,144
1331,47,Bachelor,Single,7500,1,0,3,3,0,0,25
849,127,Master,Single,60182,0,1,1,2,0,0,12
1685,52,Bachelor,Widow,73455,0,0,6,10,1,0,1004
2120,62,Bachelor,Married,64961,0,1,6,4,0,0,465
2721,49,Bachelor,Single,22804,1,0,2,2,0,0,10
1898,30,Bachelor,Married,73687,0,0,3,9,1,0,874
1924,62,Bachelor,Married,61074,0,1,11,8,0,0,133
1182,56,PhD,Married,31686,1,1,1,3,0,0,5
1201,48,Bachelor,Married,80134,1,0,5,6,1,0,392
441,67,Bachelor,Married,75027,0,1,9,6,0,0,376
2179,32,PhD,Married,67546,0,0,4,5,0,0,1052
1754,51,Master,Married,65176,0,1,9,6,0,0,431
769,45,Master,Single,31160,1,0,2,3,0,0,34
2323,35,Bachelor,Single,29938,1,0,1,3,0,0,10
498,46,Bachelor,Divorced,102692,0,0,6,13,1,0,624
2140,62,Master,Married,26490,0,0,3,5,0,0,120
1216,53,Bachelor,Married,75702,1,1,4,11,0,0,426
1013,46,PhD,Single,30899,1,0,1,3,0,0,8
800,59,PhD,Married,63342,0,1,8,5,1,0,152
2778,56,Bachelor,Single,45989,0,1,3,7,0,0,148
213,56,Bachelor,Single,18701,1,1,2,4,0,0,16
1123,63,PhD,Single,40737,1,1,1,2,0,0,4
1349,41,Bachelor,Divorced,15287,1,0,1,2,1,0,14
297,52,PhD,Divorced,69674,0,1,10,10,0,0,267
1880,50,Master,Married,44159,1,0,4,6,0,0,88
2555,42,PhD,Married,37717,1,0,1,2,0,0,10
1398,68,Master,Married,43776,1,1,5,4,0,0,76
2924,54,Master,Married,38179,1,1,3,3,0,0,30
1606,57,Bachelor,Married,80124,0,0,3,8,1,0,687
1140,50,PhD,Married,38097,1,1,3,2,1,0,37
1938,50,Bachelor,Married,72940,0,0,3,6,0,0,534
2057,50,Bachelor,Married,22070,1,0,2,2,0,0,34
45,67,Bachelor,Single,69267,0,0,3,5,0,0,638
793,37,Master,Single,31788,1,0,3,4,0,1,30
688,45,PhD,Married,61905,0,1,4,4,0,0,49
2468,60,Bachelor,Married,29315,1,1,2,4,0,0,24
1352,57,Bachelor,Divorced,33378,1,1,2,4,0,0,49
1638,57,PhD,Married,66313,0,1,6,12,0,0,116
43,64,Bachelor,Single,60714,0,0,7,10,0,0,487
1808,39,Master,Married,77882,0,0,3,5,0,0,713
2648,34,PhD,Single,69867,0,0,3,8,1,0,545
1279,52,Master,Divorced,63841,0,1,9,9,0,0,135
1241,39,Diploma,Married,24480,1,0,3,4,0,0,56
1425,44,Bachelor,Married,51369,0,1,8,4,0,0,86
1582,74,Bachelor,Married,37760,0,0,4,6,0,0,193
853,46,PhD,Married,65640,0,1,5,8,0,0,176
2408,45,Master,Married,44319,1,1,2,3,0,0,8
3076,46,Bachelor,Married,30631,1,0,3,2,0,0,30
1473,68,Bachelor,Married,75278,0,0,6,13,0,0,478
188,64,Master,Married,50898,1,1,6,12,0,0,325
994,54,Bachelor,Widow,79946,0,0,5,5,0,0,914
2036,71,Master,Divorced,35416,0,0,7,5,0,0,88
1735,36,Master,Married,32414,0,0,1,3,1,0,11
745,51,Bachelor,Married,38361,1,0,3,3,0,0,76
1389,40,Bachelor,Married,82497,0,0,2,9,1,0,918
2712,49,Bachelor,Married,16626,1,0,3,3,0,0,46
1798,55,Bachelor,Married,29672,1,1,0,3,0,0,4
2811,68,Master,Married,55951,0,1,3,11,1,0,80
1468,32,Master,Divorced,35388,1,0,1,3,0,0,15
837,34,Master,Married,42386,1,0,3,3,0,0,20
1430,38,Bachelor,Single,68627,0,0,2,6,0,0,338
1712,55,PhD,Divorced,57912,0,1,8,12,1,0,80
901,62,Bachelor,Divorced,35246,1,1,3,3,0,0,14
71,64,Master,Married,58821,0,1,9,9,0,0,187
1390,42,PhD,Married,46377,1,0,2,3,0,0,50
1339,32,Bachelor,Single,39747,1,0,5,4,0,0,128
369,36,Bachelor,Married,23976,1,0,3,3,0,0,24
1972,59,Master,Married,80950,0,0,6,9,1,0,478
671,54,Bachelor,Widow,27038,0,0,3,3,0,0,68
2695,73,Bachelor,Single,77457,0,0,2,10,1,0,426
436,56,Master,Married,64100,0,1,8,6,1,0,27
2439,28,Master,Married,42670,0,0,4,4,0,0,68
2369,44,Bachelor,Divorced,12571,1,0,3,3,0,0,21
155,53,Bachelor,Married,22574,1,1,2,3,0,0,10
2543,44,Master,Single,70893,0,0,6,10,0,0,682
1179,54,Bachelor,Married,54198,1,1,3,6,0,0,31
106,64,Master,Married,28839,1,1,2,3,0,0,7
2546,48,Bachelor,Married,40321,1,1,3,3,0,0,31
1441,35,Bachelor,Single,66503,1,0,4,6,0,0,257
1733,69,Bachelor,Married,30833,1,1,1,3,0,0,10
523,49,Bachelor,Married,64795,0,1,3,12,0,0,162
2067,46,Bachelor,Married,34421,1,0,1,2,0,0,16
2509,55,PhD,Divorced,47025,1,1,1,2,0,0,3
523,59,PhD,Divorced,64325,0,1,10,5,0,0,491
930,67,Bachelor,Single,40464,0,1,8,8,0,0,142
2912,63,Bachelor,Married,62187,0,0,4,5,0,0,320
444,44,PhD,Divorced,14849,1,0,2,4,0,0,33
3074,36,Bachelor,Married,27255,1,0,1,3,0,0,12
809,70,PhD,Married,54432,1,1,1,3,0,0,5
3019,34,PhD,Single,29999,1,0,3,4,0,0,76
2003,37,Bachelor,Single,24072,1,0,1,2,0,0,10
422,31,PhD,Single,33996,0,0,1,3,0,0,25
1982,64,PhD,Married,66334,0,1,9,5,0,0,229
311,49,Master,Married,35178,1,0,1,2,1,0,16
2725,37,Bachelor,Married,22010,1,0,2,3,0,0,14
1382,60,Bachelor,Divorced,62204,0,1,4,12,0,0,444
1632,52,Bachelor,Divorced,75693,0,0,11,6,1,0,518
419,48,Bachelor,Married,30675,1,0,1,3,0,0,29
2549,55,Bachelor,Married,83003,0,0,7,8,1,0,671
1345,121,PhD,Married,83532,0,0,4,4,1,0,810
1272,32,Bachelor,Single,68655,0,0,4,11,0,0,926
1193,34,Bachelor,Divorced,41411,0,0,2,4,0,0,81
1578,51,PhD,Married,55212,0,1,4,11,1,0,45
1489,70,PhD,Married,59292,0,1,3,8,0,0,101
2880,47,Diploma,Married,27190,1,0,1,2,1,0,13
950,68,Bachelor,Divorced,82623,0,0,2,4,0,0,410
2000,55,Bachelor,Married,44300,1,1,1,3,0,0,9
2876,50,Bachelor,Divorced,84835,0,0,4,6,0,0,594
1896,49,Bachelor,Widow,30372,1,1,2,3,0,0,19
856,44,Master,Married,33181,1,0,1,2,1,0,3
845,63,Bachelor,Married,71113,0,1,6,9,0,0,299
2948,34,Bachelor,Married,71952,1,0,8,8,1,0,587
2088,54,PhD,Single,69759,0,0,4,5,0,0,547
1814,46,Bachelor,Married,72099,0,0,3,10,0,0,620
534,44,PhD,Single,60000,0,1,11,5,0,0,217
2521,42,Bachelor,Single,38643,1,1,2,3,0,1,16
1193,65,Bachelor,Married,50737,0,1,2,4,1,0,11
1689,51,PhD,Married,68462,0,0,3,8,0,0,933
2395,77,Master,Married,65073,0,0,5,5,0,1,263
1914,72,PhD,Married,46681,0,1,4,4,0,0,99
1059,63,Bachelor,Married,78618,0,0,4,10,1,0,1193
1415,51,PhD,Widow,62187,0,1,6,10,0,0,83
1058,42,Bachelor,Married,28442,1,0,2,4,0,0,24
1875,42,PhD,Married,37717,1,0,1,2,0,0,10
1660,53,Bachelor,Married,51479,1,1,6,6,0,0,174
1964,51,Bachelor,Single,54803,0,1,6,9,0,0,120
110,60,Bachelor,Married,79530,0,0,4,11,0,0,944
3042,44,Bachelor,Divorced,31615,1,0,2,3,0,0,29
3075,58,Bachelor,Married,72025,0,0,4,8,0,0,733
1670,45,PhD,Single,52614,0,1,2,8,0,0,154
1530,36,Master,Married,35684,1,0,1,3,0,0,11
1754,45,Bachelor,Married,48178,1,1,5,4,0,0,55
135,50,Master,Single,29548,1,0,1,2,1,0,10
2864,54,Bachelor,Single,63810,0,1,4,12,1,0,281
2394,48,PhD,Single,38578,1,1,3,3,0,0,29
2935,45,Master,Single,46098,1,1,3,2,0,0,27
386,50,Bachelor,Single,22585,0,0,1,2,1,0,37
799,31,Bachelor,Single,30279,1,0,1,3,0,0,22
2506,59,PhD,Married,66426,0,1,3,10,0,0,153
2012,51,Bachelor,Single,30822,1,0,1,3,0,0,24
2810,51,PhD,Married,33581,1,0,1,2,0,0,5
1817,35,Bachelor,Married,19986,1,0,0,3,0,0,11
2713,66,Bachelor,Widow,27421,0,0,4,6,0,0,186
2580,47,Master,Married,35688,1,1,4,4,0,0,105
889,39,Master,Single,36143,1,0,0,2,0,0,1
2257,49,Bachelor,Single,10245,1,0,1,2,0,0,20
775,52,Master,Married,43795,0,1,7,4,1,0,68
1088,60,Bachelor,Married,63381,0,1,4,13,0,0,225
850,71,Bachelor,Married,38823,0,1,2,3,0,0,13
2027,52,PhD,Divorced,83664,1,1,2,12,0,0,200
2320,41,Bachelor,Married,90300,0,0,5,8,1,0,953
1734,41,Master,Married,62499,1,0,3,6,0,0,65
2382,27,Bachelor,Single,74293,0,0,5,6,0,0,580
498,74,PhD,Married,51012,0,0,4,4,0,0,74
232,52,Master,Married,70777,0,1,5,12,0,0,148
1038,29,PhD,Married,68682,0,0,4,10,0,0,604
2220,49,Bachelor,Married,43824,1,1,3,4,0,0,55
720,36,Bachelor,Married,15345,1,0,1,2,0,0,21
2683,33,Bachelor,Single,23442,1,0,1,3,0,0,14
1544,40,Master,Married,14515,1,0,2,3,0,0,19
308,64,Master,Divorced,31395,1,1,2,3,0,0,26
1811,55,Bachelor,Married,75276,0,0,9,9,0,0,367
113,46,Bachelor,Single,42373,1,1,2,5,0,0,69
252,60,Bachelor,Married,30507,0,0,5,4,0,0,148
1325,65,PhD,Single,55521,1,1,6,6,1,0,26
1683,55,Bachelor,Married,48006,1,1,1,3,0,0,14
246,48,PhD,Single,27213,1,0,2,4,0,0,39
893,49,PhD,Divorced,65808,1,1,5,5,0,0,100
2763,46,PhD,Married,30351,1,0,3,2,0,0,27
1141,57,Bachelor,Married,50437,0,1,7,8,0,0,107
2061,38,Master,Single,23616,1,0,3,3,0,0,36
1596,44,Bachelor,Married,53858,0,1,4,6,0,0,332
2587,65,PhD,Married,66465,0,1,11,12,1,0,242
46,33,Bachelor,Single,46923,1,0,5,7,0,0,200
1177,58,Bachelor,Married,75072,0,1,5,8,0,0,343
329,77,PhD,Married,75865,0,0,3,10,0,0,747
2729,45,Master,Married,19789,1,0,2,3,1,0,42
2327,26,Bachelor,Married,80134,0,0,2,11,1,0,360
2059,39,Bachelor,Single,91065,0,0,7,9,1,0,401
128,49,Master,Married,49505,1,1,10,8,0,0,119
555,47,PhD,Married,37401,1,0,2,3,0,0,25
2856,37,Bachelor,Married,30096,1,0,2,3,0,0,26
1255,38,Master,Married,18492,1,0,1,2,0,0,6
2297,46,Master,Married,82584,0,0,3,8,1,0,200
1168,79,PhD,Married,93027,0,0,7,5,1,0,813
2291,67,Bachelor,Married,48686,1,1,1,2,0,0,9
323,34,Bachelor,Married,92910,0,0,6,13,1,0,1108
440,31,Bachelor,Married,75433,1,0,2,10,1,0,297
3073,31,Master,Married,10404,1,0,1,4,0,0,23
2469,52,Bachelor,Married,61314,0,1,5,12,0,0,286
531,59,PhD,Single,84865,0,0,2,9,1,0,408
1711,31,Bachelor,Married,42387,1,0,8,7,0,0,254
2518,53,Master,Married,67309,1,1,9,9,0,0,377
1574,56,Bachelor,Married,75236,0,1,8,13,0,0,478
1458,50,Bachelor,Single,30015,1,0,1,4,0,0,24
2238,64,Master,Married,50943,0,1,1,3,0,0,9
75,54,Bachelor,Divorced,67272,0,1,6,12,0,0,334
816,71,Master,Widow,51529,0,1,9,5,0,0,45
355,49,PhD,Married,32011,1,0,2,4,0,0,17
2167,34,Master,Married,7500,1,0,2,3,0,0,20
685,31,Bachelor,Married,28691,1,0,1,3,0,0,25
1460,72,PhD,Married,56223,0,1,2,5,0,0,75
1785,74,Bachelor,Married,18100,0,0,0,3,0,0,7
2080,31,Bachelor,Single,30279,1,0,1,3,0,0,22
278,46,Master,Married,20130,0,0,1,3,0,0,16
476,61,Bachelor,Divorced,23295,0,0,1,2,0,0,3
796,48,Master,Divorced,42618,1,0,5,4,0,0,101
162,56,Bachelor,Single,81246,0,0,4,7,1,0,788
996,44,Bachelor,Married,24027,1,0,2,3,0,0,29
1274,67,PhD,Married,55707,0,1,3,9,0,0,119
767,65,Bachelor,Single,57959,0,1,4,11,0,0,381
1511,51,Bachelor,Married,56796,0,1,8,7,0,0,261
1510,49,Master,Single,36230,1,0,2,4,0,0,40
1183,40,Master,Married,70829,1,1,4,8,0,0,248
2585,44,Bachelor,Married,65991,0,1,9,10,0,0,408
35,48,Bachelor,Married,38988,1,1,5,6,0,0,139
136,54,Master,Single,89572,0,0,7,9,1,0,1195
1622,36,Master,Married,42207,1,0,4,5,1,0,86
1696,68,Bachelor,Married,50300,0,1,2,8,0,0,99
79,38,Master,Married,66664,0,0,5,6,0,0,763
1910,56,Bachelor,Married,60597,0,1,2,8,1,0,289
951,71,Bachelor,Widow,70165,0,0,3,11,0,0,452
2227,62,PhD,Widow,50520,0,1,3,3,0,0,8
1189,57,Bachelor,Married,80124,0,0,3,8,1,0,687
454,45,Bachelor,Married,33183,1,0,4,3,0,0,61
326,51,PhD,Single,66582,0,0,2,9,0,0,461
1241,65,PhD,Married,75261,0,0,5,5,1,0,453
798,50,Bachelor,Widow,31880,1,0,1,2,0,0,8
388,69,Bachelor,Married,53790,0,1,7,8,0,0,197
2306,49,PhD,Married,49269,1,0,7,12,0,0,185
881,45,Bachelor,Married,61456,0,1,6,13,0,0,544
1964,40,Bachelor,Married,37406,1,0,1,2,0,0,10
997,39,PhD,Married,56937,1,0,8,9,1,0,144
1969,42,Bachelor,Married,38415,1,1,1,3,0,0,18
690,32,Bachelor,Single,20518,1,0,1,2,0,0,11
1614,64,Bachelor,Married,62503,0,1,8,11,0,0,303
781,48,PhD,Single,41644,1,1,1,3,0,0,9
1645,43,Master,Married,55842,0,1,7,8,0,0,39
320,48,PhD,Married,62010,0,1,6,7,0,0,67
1841,43,Bachelor,Married,41124,1,0,7,4,0,0,106
38,47,Master,Married,38961,1,0,2,2,0,0,26
2989,48,Master,Divorced,37760,1,0,2,3,0,0,18
823,46,Bachelor,Single,32233,1,0,6,2,1,0,75
1773,45,Bachelor,Married,43057,0,1,4,5,0,0,46
3036,60,Master,Married,83151,0,0,5,4,0,0,248
1238,56,PhD,Divorced,78825,0,0,5,13,0,0,357
827,44,Master,Married,65104,0,1,3,7,0,0,245
400,46,Bachelor,Married,60093,0,1,7,10,0,0,137
2911,51,Bachelor,Married,14045,1,0,1,3,0,0,7
2027,68,Master,Widow,28457,0,0,4,4,0,0,138
2294,62,PhD,Married,78952,0,1,2,12,0,0,712
206,44,Bachelor,Divorced,46310,1,0,6,5,0,0,105
1103,65,Bachelor,Married,76005,0,0,3,13,1,0,649
728,56,Master,Single,58308,0,1,2,3,0,0,79
713,76,PhD,Divorced,55614,0,0,9,6,1,0,152
1836,58,Master,Divorced,59432,0,1,5,11,0,0,315
1898,42,Bachelor,Divorced,55563,0,1,2,3,0,0,12
868,49,PhD,Married,78642,0,1,4,4,0,0,368
326,71,PhD,Married,67911,0,1,6,11,0,0,419
2127,76,Bachelor,Married,65275,0,0,4,13,0,0,323
2699,70,Bachelor,Married,27203,1,1,1,2,0,0,27
1135,59,Master,Married,48330,0,1,1,3,0,0,4
188,30,Diploma,Married,24279,0,0,4,3,0,0,77
1308,35,PhD,Married,64355,1,0,4,12,0,0,207
179,64,Master,Married,50943,0,1,1,3,0,0,9
519,67,Bachelor,Widow,53653,0,0,10,12,0,0,277
2833,44,Bachelor,Married,65665,0,1,5,8,0,0,655
349,31,Bachelor,Single,81217,0,0,3,11,0,0,540
1365,28,Bachelor,Married,34935,0,0,2,4,0,0,73
548,61,Bachelor,Divorced,61250,0,1,5,12,0,0,263
1128,39,PhD,Married,39665,1,0,4,3,1,0,57
1790,41,Bachelor,Single,60152,0,1,6,12,0,0,469
1242,56,Bachelor,Married,48920,0,1,6,5,1,0,93
1978,61,Master,Married,89120,0,0,5,7,1,0,572
1975,74,PhD,Married,44124,0,1,6,5,0,0,55
187,45,Master,Single,81169,0,0,5,9,0,0,713
2510,59,Bachelor,Married,36443,1,1,3,3,0,0,50
2217,30,Bachelor,Single,26095,1,0,1,3,0,0,19
2603,61,Bachelor,Married,71367,0,0,4,7,0,0,454
1891,76,Master,Married,80184,0,0,6,10,1,0,829
1749,55,Bachelor,Divorced,30630,1,1,2,3,0,0,15
1301,33,Master,Single,73454,0,0,2,6,1,0,480
2141,29,Bachelor,Married,42691,0,0,5,6,0,0,104
454,67,Bachelor,Married,70503,0,0,2,9,1,0,249
1961,33,Bachelor,Married,25545,1,0,2,3,0,0,81
2827,34,Bachelor,Married,32880,1,0,1,3,0,0,26
673,62,PhD,Married,77863,0,0,4,10,0,0,373
104,43,Master,Married,50353,0,0,4,6,0,0,235
273,56,Bachelor,Single,61839,0,0,4,4,0,0,758
1957,60,PhD,Married,49154,1,1,4,8,0,0,107
1351,45,Master,Widow,47682,0,1,4,8,0,0,241
655,51,Bachelor,Single,72679,0,1,4,5,0,0,441
818,43,Master,Married,57954,1,1,8,6,1,0,28
2249,58,Bachelor,Married,65316,1,1,3,5,0,0,101
72,38,Bachelor,Single,28567,1,0,2,3,0,0,27
1168,69,Master,Married,47352,0,1,6,5,0,0,132
2388,53,Bachelor,Married,44931,0,1,2,3,0,0,11
89,53,Bachelor,Divorced,76982,0,0,8,4,1,0,508
1195,68,Master,Married,57247,0,1,2,7,0,0,73
2162,39,Master,Single,22944,1,0,3,3,0,0,26
1543,43,Master,Married,25315,1,0,3,3,0,0,28
1034,51,Bachelor,Widow,43638,0,1,4,4,0,0,100
836,36,PhD,Single,42710,1,0,4,3,0,0,49
575,38,PhD,Married,84169,0,0,7,6,1,0,422
2503,44,Bachelor,Married,54058,0,1,4,8,0,0,302
1656,30,Master,Married,24683,1,0,2,4,0,0,20
2060,56,Bachelor,Widow,85620,0,0,3,4,0,0,1031
2753,40,Bachelor,Married,47850,1,0,3,4,0,0,70
500,52,Bachelor,Married,19514,1,1,3,2,1,0,26
286,47,Master,Married,27159,1,1,1,3,0,0,3
1272,57,Master,Single,39548,1,1,1,3,0,0,17
2665,31,Bachelor,Single,21474,1,0,3,2,1,0,51
1415,49,PhD,Single,60504,0,1,6,8,0,0,30
1881,57,Bachelor,Married,22419,0,0,3,2,0,0,69
1724,71,Master,Married,81698,0,0,3,13,0,0,659
2149,68,Bachelor,Married,43462,1,1,4,5,0,0,129
842,42,PhD,Single,54880,1,0,6,11,0,0,324
2073,38,Bachelor,Married,79908,0,0,5,7,1,0,919
1660,50,Master,Married,15315,0,0,2,4,0,0,32
2311,61,Bachelor,Married,87771,0,1,5,4,1,0,375
591,42,Bachelor,Married,33039,1,0,2,4,0,0,28
1153,40,Bachelor,Single,81741,0,0,6,7,0,0,1151
1011,49,Master,Married,71499,0,1,8,13,0,0,293
960,50,Master,Married,62466,0,1,6,12,0,0,556
834,57,PhD,Divorced,48799,0,1,3,7,0,0,127
812,70,PhD,Married,52157,0,1,3,5,0,0,34
1130,58,Bachelor,Single,66565,0,1,4,9,0,0,236
2696,69,Master,Married,29298,1,1,1,2,0,0,4
1766,41,Bachelor,Single,47691,0,1,1,2,0,0,3
2390,50,Bachelor,Married,38200,1,1,1,2,0,0,4
1515,46,Bachelor,Married,44989,0,1,5,5,0,0,155
2810,52,PhD,Married,38443,1,1,1,3,0,0,5
47,42,Master,Single,38593,1,0,4,3,0,0,78
2707,50,PhD,Married,64413,0,1,5,5,0,0,49
1958,39,Master,Married,36959,1,0,2,3,0,0,37
1795,43,PhD,Married,61996,0,1,6,8,1,0,156
850,52,Bachelor,Married,51287,1,1,4,3,0,0,35
673,50,Bachelor,Married,13260,1,1,3,3,0,0,31
1832,54,PhD,Married,47472,1,1,2,4,0,0,11
838,64,Master,Married,54603,1,1,4,4,0,0,76
737,46,PhD,Married,45207,1,1,3,6,1,0,10
985,69,Bachelor,Married,40689,0,1,7,5,0,0,69
509,53,Master,Married,47821,1,1,1,3,0,0,22
2757,69,Master,Married,27450,0,0,2,3,0,0,43
889,37,Bachelor,Married,39453,1,0,2,3,0,0,7
3045,49,Master,Married,26850,1,1,2,4,0,0,21
2577,65,Bachelor,Widow,79800,0,0,5,5,1,0,583
1163,59,Master,Married,61794,0,1,4,10,0,0,289
1933,65,Bachelor,Married,53863,0,1,7,7,1,0,40
2116,61,Bachelor,Married,24221,0,0,1,3,0,0,20
1112,36,PhD,Single,39684,1,0,2,2,0,1,41
3049,45,Master,Married,92163,0,0,5,5,1,0,1086
2792,55,Master,Single,69882,0,0,3,9,0,0,894
1860,43,Bachelor,Married,33178,1,0,1,3,0,0,19
2338,48,PhD,Married,59973,0,0,3,7,0,0,218
2312,45,Master,Married,17459,1,0,3,2,0,0,23
1920,51,Bachelor,Divorced,23910,1,0,2,3,0,0,37
389,51,Master,Married,42169,1,1,1,3,0,0,9
2175,42,Master,Married,26224,1,0,2,3,0,0,35
2771,39,Bachelor,Married,31089,1,0,3,4,0,0,36
2697,59,Bachelor,Single,30081,0,1,1,3,0,0,2
1757,60,Bachelor,Married,62807,0,1,5,12,0,0,173
1305,65,Bachelor,Single,72906,0,0,3,9,0,0,622
3033,72,PhD,Married,61467,0,1,5,10,0,0,130
792,54,Master,Married,49618,1,1,3,3,0,0,33
2472,34,Master,Single,21888,1,0,5,2,0,0,58
1722,47,Bachelor,Widow,42429,0,1,1,3,0,0,8
1890,64,Bachelor,Divorced,26150,1,1,1,3,0,0,17
1333,45,Diploma,Married,30801,0,1,1,3,0,0,24
214,55,Bachelor,Married,81168,0,0,6,7,1,0,739
419,51,Master,Single,26877,0,0,3,6,0,0,109
1571,76,Master,Widow,45006,0,0,3,7,0,0,94
561,47,Diploma,Married,18978,1,0,1,3,0,0,13
1152,53,Bachelor,Married,22574,1,1,2,3,0,0,10
2994,51,PhD,Single,48240,0,0,6,13,0,0,403
1880,46,Bachelor,Married,45837,1,1,6,5,0,0,117
1590,55,Master,Single,35791,1,1,1,3,0,0,5
1637,44,PhD,Married,162397,1,1,0,1,0,0,19
2204,42,Bachelor,Widow,54162,1,1,1,3,0,0,22
898,60,Master,Married,30522,0,1,1,9,0,0,110
2621,59,PhD,Married,54456,0,1,6,7,0,0,37
631,49,Bachelor,Single,31632,0,0,2,2,0,0,31
2543,71,Bachelor,Widow,72298,0,0,4,6,1,0,262
939,42,Master,Single,36975,1,0,1,3,0,0,17
1995,65,Master,Married,72635,0,0,6,6,1,0,449
1977,44,Bachelor,Married,13624,1,0,2,3,0,0,19
1432,45,Bachelor,Single,84196,0,1,8,7,0,0,801
1662,60,Bachelor,Married,70971,0,1,11,5,0,0,682
1208,43,PhD,Divorced,34487,1,1,3,3,0,0,75
2505,43,Bachelor,Single,28769,1,0,4,4,0,0,144
1924,50,PhD,Married,69084,1,0,7,13,0,0,345
2578,62,PhD,Married,65488,0,0,3,6,0,0,288
1031,50,Master,Married,62466,0,1,6,12,0,0,556
1283,60,Master,Single,32218,0,0,2,3,1,0,52
958,47,Bachelor,Single,83917,0,0,6,7,0,0,796
1409,58,Bachelor,Divorced,46102,1,1,1,2,0,0,1
2138,68,Bachelor,Single,84574,0,0,9,11,0,0,771
923,58,Bachelor,Married,56181,0,1,4,7,0,0,180
242,70,Master,Divorced,63120,0,1,8,9,0,0,402
2380,49,Bachelor,Married,73691,0,1,6,8,1,0,356
242,60,Bachelor,Married,63381,0,1,4,13,0,0,225
1131,72,PhD,Married,76140,0,0,5,6,0,0,736
1908,61,PhD,Divorced,62859,0,1,9,6,0,0,207
850,56,Bachelor,Single,45906,0,1,5,4,1,0,34
1649,73,Master,Married,77632,0,0,4,6,1,0,863
2312,49,PhD,Married,46463,1,1,3,6,0,0,50
1588,50,Bachelor,Married,105471,0,0,9,13,1,0,487
2212,50,Master,Divorced,55282,1,0,3,6,0,0,87
27,43,Master,Married,78710,0,1,7,12,0,0,271
1601,62,Bachelor,Married,66886,0,1,7,7,0,0,107
795,60,Master,Single,98777,0,0,4,9,1,0,855
2067,35,Bachelor,Married,29103,1,0,1,3,0,0,23
1181,46,Bachelor,Married,67445,0,1,9,12,0,0,326
2055,70,PhD,Married,50616,0,1,1,4,0,0,27
1720,65,Bachelor,Divorced,49431,0,1,7,5,0,0,129
1586,45,Bachelor,Divorced,153924,0,0,0,0,0,0,3
1124,67,Bachelor,Married,61278,0,1,3,4,0,0,33
1190,62,Master,Married,26490,0,0,3,5,0,0,120
617,73,PhD,Married,73059,0,1,9,13,0,0,532
1245,54,PhD,Single,46734,1,1,3,3,1,0,46
2371,57,Bachelor,Married,56253,0,1,7,9,0,0,72
1502,35,Bachelor,Married,19986,1,0,0,3,0,0,11
45,45,Bachelor,Widow,58330,0,1,6,13,0,0,370
292,40,Diploma,Married,25965,0,0,2,3,0,0,54
174,64,Master,Married,14661,0,0,1,3,0,0,18
2880,61,Bachelor,Married,18690,0,0,1,2,0,0,31
2643,46,PhD,Married,45068,0,1,1,2,0,0,3
2739,33,Diploma,Single,21063,1,0,2,3,0,0,40
347,52,PhD,Married,29187,1,0,1,3,0,0,6
400,49,Master,Married,54690,1,1,3,5,0,0,60
2000,56,PhD,Married,59304,0,1,7,10,0,0,569
2723,58,Master,Single,59247,0,1,5,9,0,0,150
1800,50,Bachelor,Widow,66731,0,1,4,6,0,0,411
1549,40,Bachelor,Married,77353,0,1,6,8,0,0,235
1529,45,PhD,Single,52614,0,1,2,8,0,0,154
1144,46,Bachelor,Married,26751,1,0,1,2,0,0,6
576,57,PhD,Married,81300,0,1,10,5,1,0,189
1821,41,Bachelor,Single,70337,0,0,2,12,0,0,255
124,35,Master,Married,36145,1,0,4,3,1,0,97
1953,40,PhD,Single,65295,0,0,3,13,0,0,183
280,57,Bachelor,Divorced,68118,0,1,8,4,0,0,156
2033,53,Bachelor,Divorced,68743,0,0,11,13,0,0,693
638,38,Master,Married,41039,0,0,8,5,0,0,327
2658,65,Bachelor,Married,38946,0,1,3,6,0,0,94
860,53,Bachelor,Married,65777,0,0,2,6,0,0,495
22,44,PhD,Divorced,66476,0,1,5,11,0,0,191
1250,48,PhD,Single,86857,0,0,5,10,0,0,1073
229,38,PhD,Married,160803,0,0,0,1,0,0,1655
2981,31,PhD,Married,77845,0,0,3,12,1,0,520
1375,51,PhD,Married,69476,0,0,4,4,0,0,708
1393,60,PhD,Divorced,50611,0,1,4,7,1,0,30
1486,50,Bachelor,Single,61209,0,0,5,4,0,0,343
638,62,Master,Married,42315,0,1,1,4,0,0,112
2549,68,Diploma,Married,13084,0,0,1,3,0,0,10
2641,71,Master,Widow,47570,1,1,2,2,0,0,21
1543,59,Master,Married,61923,0,1,2,4,0,0,25
1100,25,Bachelor,Single,34824,0,0,1,2,0,0,15
1585,71,PhD,Single,26518,1,1,2,3,0,0,32
2954,59,Bachelor,Single,45938,0,0,8,6,0,0,251
577,60,Bachelor,Married,78468,0,0,10,10,1,0,514
165,47,Bachelor,Divorced,78901,0,1,9,5,0,0,353
1969,42,Bachelor,Married,71427,1,0,8,8,0,0,315
1642,42,Bachelor,Divorced,71022,0,1,5,11,1,0,290
1247,32,Master,Single,90247,0,0,3,7,1,0,405
2715,52,Master,Divorced,41335,1,0,4,4,0,0,56
2780,34,Bachelor,Married,71952,1,0,8,8,1,0,587
2692,50,PhD,Divorced,35682,1,0,1,3,0,0,14
1176,69,Bachelor,Divorced,43185,0,1,9,6,0,0,64
2359,72,PhD,Married,66375,0,1,2,5,1,0,45
2622,49,Master,Married,35178,1,0,1,2,1,0,16
607,34,Bachelor,Married,25252,1,0,1,2,0,0,9
505,55,Master,Single,55250,0,1,7,10,0,0,173
2786,45,Bachelor,Single,33249,1,0,2,3,0,0,50
1401,67,Bachelor,Married,58398,0,0,5,8,0,0,227
1074,38,Bachelor,Married,50272,1,0,4,5,0,0,122
3047,45,PhD,Married,76618,0,0,3,5,0,0,455
2580,60,Master,Divorced,87305,0,0,5,8,1,0,589
1508,42,Bachelor,Married,25851,1,0,2,3,0,0,29
1199,50,Bachelor,Divorced,58710,0,1,11,9,0,0,449
106,62,Bachelor,Single,45160,1,1,1,2,0,0,10
2433,55,Master,Married,74806,0,1,5,5,0,0,258
1587,66,Bachelor,Married,59111,0,0,11,8,0,0,162
1701,36,PhD,Married,18988,1,0,1,3,0,0,8
664,55,Bachelor,Married,72190,0,0,5,4,0,0,935
2224,44,Bachelor,Married,7500,1,0,4,2,1,0,25
3003,54,Bachelor,Married,44794,0,1,2,3,0,0,7
2033,65,Bachelor,Married,80395,0,0,6,12,1,0,811
593,44,Master,Divorced,75012,0,0,3,11,0,0,524
1842,55,Master,Married,56962,1,1,6,5,0,0,90
2964,29,Bachelor,Married,89891,0,0,11,8,1,0,213
2066,71,PhD,Divorced,35946,1,1,0,3,0,0,3
292,67,PhD,Married,53593,1,1,7,6,0,0,88
2127,42,Bachelor,Married,66373,1,1,4,10,0,0,145
207,72,PhD,Divorced,45072,1,1,6,4,0,0,108
1933,47,Bachelor,Divorced,89694,1,1,4,4,1,0,276
1949,71,Bachelor,Married,72025,0,0,4,13,1,0,660
1238,47,Bachelor,Married,67432,0,1,8,4,0,0,597
1082,68,Master,Married,70545,0,1,4,7,0,0,157
780,31,Diploma,Married,17487,1,0,1,2,0,0,8
1871,51,Bachelor,Married,62882,0,1,7,6,0,0,708
1257,67,PhD,Single,64108,0,1,6,11,0,0,109
1191,64,Master,Married,34941,1,1,3,3,0,0,31
1142,70,PhD,Single,48767,1,1,2,3,0,0,25
2748,42,Master,Married,38702,1,0,3,4,0,0,48
958,56,Bachelor,Married,82224,0,0,6,5,1,0,524
1124,68,Bachelor,Married,83844,0,0,4,11,1,0,451
2429,45,Master,Married,17003,1,0,2,4,0,0,21
1499,25,Bachelor,Single,71163,0,0,3,12,0,0,527
353,50,Bachelor,Single,33697,1,0,1,2,1,0,10
1160,66,Master,Married,63564,0,0,10,7,1,0,347
1856,48,PhD,Married,83443,0,0,6,5,0,0,839
1835,62,PhD,Married,51518,0,1,3,10,0,0,91
2499,45,Bachelor,Widow,58330,0,1,6,13,0,0,370
2172,51,Bachelor,Married,80952,0,0,8,11,1,0,908
2477,41,Bachelor,Married,75507,0,0,8,6,0,0,571
2583,42,Master,Married,63855,0,0,7,13,0,0,442
1,48,PhD,Married,62220,0,1,7,5,0,0,403
1949,56,Bachelor,Married,58512,0,1,3,8,0,0,124
1032,41,Master,Married,40662,1,0,2,3,0,0,25
955,61,PhD,Married,38829,0,1,3,2,0,0,7
2593,39,Master,Married,35523,1,0,3,3,0,0,39
1941,53,Bachelor,Single,79146,1,1,8,8,0,0,260
787,32,Master,Married,78285,0,0,6,10,0,0,673
2563,42,PhD,Single,31626,1,0,2,2,1,0,12
2836,68,Bachelor,Single,75127,0,0,2,5,0,0,386
2684,65,Bachelor,Married,48726,0,1,3,4,0,0,45
967,43,Bachelor,Married,74985,0,0,3,7,0,0,1196
1330,33,Bachelor,Married,67430,0,0,11,12,0,0,515
407,55,Master,Married,46891,0,1,2,4,0,0,64
1243,64,Master,Married,62058,0,1,6,7,0,0,91
2620,41,Bachelor,Married,72063,0,1,5,12,0,0,456
702,69,PhD,Married,78939,0,0,8,6,0,0,508
2523,55,Bachelor,Single,42720,1,1,7,7,0,0,124
3064,48,Bachelor,Married,33622,1,1,2,4,0,0,26
1359,63,PhD,Married,6835,0,1,0,1,0,0,16
261,67,Bachelor,Married,41452,1,1,1,2,0,0,3
995,55,PhD,Single,40760,0,1,2,3,0,0,17
2037,62,PhD,Married,74250,0,0,2,4,0,0,478
2025,65,Master,Single,51124,1,1,1,3,0,0,12
767,49,Bachelor,Single,72258,0,1,6,5,0,0,749
1846,46,PhD,Single,71466,0,0,4,10,0,0,636
2602,44,Bachelor,Married,36283,1,1,1,3,0,0,18
3012,50,Bachelor,Single,20587,1,0,1,2,0,0,13
552,48,Bachelor,Married,30467,1,0,1,2,0,0,13
2241,48,Bachelor,Married,31590,1,0,1,3,0,0,23
2451,34,Diploma,Married,20425,1,0,2,3,0,0,20
1415,60,Master,Married,17144,1,1,3,4,0,0,21
1002,52,PhD,Divorced,42564,0,1,6,4,1,0,273
1889,42,Master,Married,43783,1,0,7,8,1,0,159
2660,44,Bachelor,Divorced,40780,0,1,7,5,0,0,111
1106,75,Master,Married,62847,0,0,3,4,0,0,954
449,63,PhD,Married,82017,0,0,5,7,1,0,499
105,70,Bachelor,Single,16813,0,0,2,3,1,0,31
3004,42,Bachelor,Married,51267,1,1,3,5,0,0,73
1331,59,Bachelor,Single,46524,0,1,1,5,0,0,80
995,58,Master,Single,45183,0,0,4,7,1,0,75
3039,66,PhD,Married,70421,0,1,10,7,0,0,239
905,55,Master,Divorced,60161,0,1,11,8,0,0,302
1944,47,Bachelor,Married,73926,0,0,6,12,0,0,847
1263,52,Bachelor,Married,19329,1,0,4,3,0,0,29
1870,50,Master,Married,61872,0,1,4,9,0,0,200
1235,64,Bachelor,Widow,46984,1,1,1,3,0,0,13
3016,69,Bachelor,Married,34838,1,1,2,4,0,0,81
2033,76,PhD,Single,82716,0,0,6,13,0,0,391
2350,62,Bachelor,Married,48192,0,0,2,12,1,0,400
1756,44,Master,Married,49681,0,1,7,7,0,0,26
912,49,Master,Married,56850,0,1,1,3,0,0,22
704,63,Bachelor,Married,55267,0,1,3,6,0,0,196
1108,48,Bachelor,Married,59666,1,1,3,8,1,0,254
163,48,Bachelor,Single,72504,0,1,5,6,0,0,619
1518,39,Bachelor,Married,26872,0,0,1,2,0,0,21
1343,48,Bachelor,Single,21359,1,0,2,3,0,0,25
1390,45,Bachelor,Single,73170,0,0,5,6,0,0,480
317,65,Master,Married,52750,0,1,5,9,0,0,329
1347,34,PhD,Married,91820,0,0,5,12,0,0,896
2540,50,PhD,Married,65968,0,1,5,7,0,0,111
302,44,Bachelor,Married,30772,1,1,1,2,0,0,8
2455,66,Bachelor,Single,22507,0,0,10,4,0,0,277
2590,48,Bachelor,Married,65685,0,1,9,9,0,0,63
75,42,Master,Married,25804,1,0,2,3,0,0,29
2956,40,PhD,Single,76412,0,0,5,8,1,0,880
876,48,Bachelor,Married,22063,1,0,2,3,0,0,26
2756,59,Bachelor,Single,57091,0,0,7,7,1,0,76
2677,57,Bachelor,Married,22419,0,0,3,2,0,0,69
2589,61,Bachelor,Married,87771,0,1,5,4,1,0,375
2992,61,Master,Divorced,78353,0,1,10,11,0,0,637
1087,66,Bachelor,Married,93404,1,1,3,7,1,0,322
681,58,Bachelor,Divorced,37859,1,1,1,3,0,0,11
178,62,PhD,Widow,80995,0,1,8,4,0,0,510
3058,36,Bachelor,Married,16529,1,0,1,3,0,0,18
302,44,PhD,Divorced,55412,1,1,2,3,0,0,44
1098,28,Bachelor,Single,48789,0,0,6,7,0,0,179
63,53,PhD,Married,56575,0,1,7,7,0,0,95
982,40,Master,Married,25130,1,0,2,3,0,0,12
1168,53,Bachelor,Married,35441,1,1,1,3,0,0,12
723,64,Bachelor,Married,71391,0,1,6,12,0,0,443
1411,48,Master,Single,49494,1,0,6,5,0,0,106
1401,40,Bachelor,Divorced,81702,0,0,7,12,0,0,852
498,40,Master,Single,45889,0,1,1,3,0,0,6
1212,43,Bachelor,Single,56628,0,1,7,5,1,0,94
1246,70,Bachelor,Married,34026,1,1,2,3,0,0,33
479,46,Bachelor,Married,40049,0,1,3,6,0,0,127
1144,32,Bachelor,Single,34176,1,0,3,4,0,0,50
224,39,Bachelor,Married,19419,1,0,4,3,0,0,58
598,60,Master,Married,82504,0,0,3,7,0,0,615
39,50,Bachelor,Married,81205,0,0,5,7,1,0,1100
2960,29,Master,Single,61618,0,0,3,8,0,0,490
354,64,Master,Single,55284,0,1,7,8,0,0,147
1420,57,Bachelor,Single,49980,0,1,3,5,0,0,68
1905,40,Bachelor,Married,15072,1,0,3,3,0,0,17
2836,46,Bachelor,Single,49166,0,1,5,3,0,0,34
2301,66,PhD,Married,65324,0,1,6,9,0,0,123
1485,63,Master,Married,82347,0,0,7,10,1,0,1101
58,54,PhD,Married,30843,1,1,1,2,1,0,2
688,46,PhD,Married,46374,0,1,7,7,1,0,21
854,41,Bachelor,Single,60474,0,1,10,12,0,0,736
2318,47,Master,Married,38576,0,1,1,3,0,0,7
31,35,Bachelor,Married,55357,1,0,6,11,0,0,264
1900,54,Bachelor,Married,37758,1,1,1,3,0,0,12
1095,31,Master,Married,85710,0,0,6,10,1,0,399
1098,51,Bachelor,Married,23228,1,0,2,3,0,0,26
1489,51,Master,Married,44602,1,1,6,4,0,0,91
565,33,Bachelor,Married,7500,0,0,0,3,0,0,9
77,31,Master,Married,38683,1,0,4,6,0,0,188
86,45,Master,Single,49514,1,0,6,4,0,0,175
166,47,PhD,Married,57906,0,1,4,8,0,0,140
2402,54,Master,Single,43456,0,1,5,8,0,0,104
2296,34,Master,Single,19485,1,0,1,2,0,0,4
1272,42,Bachelor,Married,53172,0,1,2,8,0,0,220
2568,41,Bachelor,Married,30545,1,0,2,3,0,0,46
1826,37,PhD,Married,70123,0,0,5,4,1,0,419
2038,61,Bachelor,Single,62450,0,1,5,4,1,0,376
2654,44,Bachelor,Married,21675,1,0,4,3,0,0,33
1765,39,Master,Single,42395,1,1,3,4,0,0,94
856,42,Master,Married,61346,1,0,5,10,0,0,269
869,67,Bachelor,Married,80812,0,0,4,5,1,0,732
1877,49,Master,Divorced,42835,1,1,6,4,0,0,109
716,37,Bachelor,Married,39922,1,0,3,4,0,0,90
484,64,Master,Single,86424,0,0,6,12,0,0,726
2745,42,Master,Married,17117,1,0,3,3,0,0,91
1972,48,Bachelor,Single,24762,1,0,3,2,1,0,25
1109,45,Bachelor,Married,35797,0,1,2,3,0,0,19
2087,45,Bachelor,Divorced,36627,1,0,0,3,0,0,6
302,39,Master,Married,51111,1,1,2,3,0,0,25
2487,48,PhD,Single,86857,0,0,5,10,0,0,1073
2428,50,PhD,Married,82072,0,0,3,13,0,0,908
339,67,PhD,Single,46231,1,1,6,4,0,0,57
1562,61,Bachelor,Married,42243,1,1,2,3,0,0,2
348,58,Bachelor,Married,51195,1,1,9,5,0,0,252
3012,42,Master,Single,68092,0,0,2,10,0,0,345
631,47,Bachelor,Married,31814,1,0,2,3,1,0,27
2664,55,Master,Widow,51390,1,1,5,5,0,0,90
2314,37,Bachelor,Married,76630,0,0,3,11,0,0,517
1039,29,Diploma,Single,26868,1,0,1,2,0,0,9
1066,77,PhD,Divorced,48948,0,0,7,5,1,0,374
787,48,PhD,Single,55260,0,1,8,5,0,0,72
1229,64,Bachelor,Married,64090,0,1,6,4,0,0,295
1330,62,Bachelor,Divorced,78331,0,1,10,7,0,0,652
458,46,PhD,Married,37087,1,0,4,8,0,0,204
2670,34,Bachelor,Divorced,21846,1,0,4,3,0,0,41
2052,62,Bachelor,Married,81320,0,0,4,10,0,0,585
1200,50,Bachelor,Divorced,54137,0,1,4,4,0,0,11
2160,53,Bachelor,Married,66825,0,0,4,6,0,0,535
667,47,Bachelor,Married,57100,0,0,3,6,0,0,129
1904,51,Bachelor,Married,58917,1,1,4,6,0,0,96
421,43,Bachelor,Single,85072,0,0,3,10,0,0,677
1813,59,Bachelor,Single,86429,0,0,7,7,1,0,930
2487,49,Bachelor,Widow,45684,1,0,1,2,0,0,16
1928,46,Bachelor,Married,47889,1,0,2,3,0,0,29
972,34,PhD,Married,45921,0,0,2,6,0,0,82
2151,54,PhD,Single,78420,0,0,3,8,0,0,793
474,28,Bachelor,Married,75114,0,0,3,5,0,0,598
1622,57,PhD,Widow,52278,0,1,10,10,0,0,71
257,48,Master,Married,35641,1,0,3,4,0,0,78
2554,26,Bachelor,Single,95529,0,0,7,7,1,0,1169
1703,66,Bachelor,Married,62820,0,0,3,6,0,0,464
2414,60,Master,Married,73113,0,0,3,7,0,0,223
1354,38,PhD,Married,84169,0,0,7,6,1,0,422
1580,66,Master,Single,42607,0,1,3,7,0,0,115
2509,66,PhD,Single,74637,0,0,6,9,1,0,674
1710,65,PhD,Married,46015,1,1,1,3,1,0,2
1839,27,Bachelor,Single,72354,0,0,2,6,0,0,719
2198,51,Master,Single,39858,1,0,2,4,0,0,47
1597,72,PhD,Married,34469,1,1,1,4,0,0,26
1798,34,Bachelor,Married,83033,1,0,11,10,1,0,767
883,41,Master,Married,24401,0,0,6,6,0,0,255
298,42,Bachelor,Married,77583,0,0,4,9,1,0,657
1318,38,Master,Single,74116,0,0,4,10,1,0,960
702,27,Bachelor,Single,74293,0,0,5,6,0,0,580
1602,44,PhD,Married,68397,0,1,6,5,0,0,563
2772,46,PhD,Married,79632,0,0,6,9,0,0,609
1402,31,Bachelor,Single,46107,1,0,1,4,0,0,52
340,69,PhD,Single,64950,0,1,11,10,1,0,84
1208,31,Diploma,Married,25443,1,0,1,3,0,0,15
386,68,Bachelor,Single,75127,0,0,2,5,0,0,386
2764,49,PhD,Married,32892,1,0,3,3,0,0,17
171,49,Bachelor,Married,71796,0,0,9,4,0,0,499
421,50,PhD,Married,67536,0,1,11,11,1,0,470
1845,49,Bachelor,Single,55239,0,1,7,11,0,0,278
2236,45,PhD,Divorced,60554,1,0,8,9,0,0,193
417,68,Master,Single,64831,1,1,6,5,0,0,410
2792,58,PhD,Married,56067,0,1,7,7,0,0,82
112,37,Bachelor,Divorced,82025,0,0,3,6,1,0,752
503,67,Bachelor,Married,94384,0,0,5,5,1,0,974
2432,34,Diploma,Single,14906,0,0,2,3,0,0,28
1202,33,PhD,Married,51563,0,0,4,10,1,0,48
487,38,Master,Married,57937,0,1,4,9,0,0,241
1116,41,Bachelor,Divorced,68274,1,1,4,5,0,0,99
169,43,Bachelor,Married,39771,1,0,2,3,0,0,22
2956,45,Master,Divorced,67893,0,1,3,9,0,0,219
1678,41,PhD,Married,27922,1,0,2,3,0,0,15
1719,44,PhD,Married,52190,1,1,2,3,1,0,17
1741,47,Master,Divorced,44051,1,1,3,4,0,0,71
2155,49,PhD,Single,42767,1,0,3,2,0,0,68
2715,44,Master,Married,46106,1,1,1,2,0,0,10
3031,44,PhD,Married,16927,1,1,3,4,0,0,28
1024,55,Bachelor,Married,59754,0,1,5,6,0,0,75
2608,68,Bachelor,Single,53700,0,1,5,8,0,0,307
646,47,Bachelor,Married,59041,1,1,2,4,0,0,19
1173,63,PhD,Divorced,54237,0,1,5,5,0,0,37
162,53,Bachelor,Divorced,70647,0,1,4,13,0,0,281
443,58,PhD,Single,52597,0,1,6,8,0,0,44
1618,51,Master,Married,41021,1,0,2,3,0,0,22
1019,45,PhD,Married,40233,0,1,2,5,0,0,50
729,40,Bachelor,Married,50183,1,1,3,6,0,0,109
101,61,Bachelor,Married,54753,0,1,5,11,0,0,341
2269,47,Bachelor,Married,92955,0,0,6,9,1,0,977
1642,47,Bachelor,Married,33471,1,0,3,4,0,0,29
1812,46,PhD,Married,34596,1,0,1,2,0,0,2
1481,40,Bachelor,Married,44010,1,0,10,6,0,0,356
3038,32,Bachelor,Married,84219,0,0,3,10,0,0,582
694,52,PhD,Married,40706,1,1,3,4,0,0,15
450,32,Master,Married,15716,1,0,3,4,0,1,43
2959,61,Master,Divorced,59052,0,1,7,7,0,0,173
1908,49,Master,Married,80573,0,0,4,13,0,0,628
2583,58,Bachelor,Married,83715,0,0,2,13,0,0,565
594,61,Master,Married,82576,0,0,2,12,1,0,668
851,55,Master,Married,56962,1,1,6,5,0,0,90
3025,68,Bachelor,Married,35704,1,1,2,4,0,0,23
2147,66,Bachelor,Married,53103,0,1,10,7,1,0,161
435,60,Master,Widow,46779,1,1,0,2,0,0,4
1573,55,Bachelor,Divorced,4861,0,0,0,0,0,0,3
1517,41,Master,Divorced,33462,1,0,2,3,0,0,21
2069,42,Bachelor,Divorced,63693,0,1,11,9,0,0,422
1421,70,Bachelor,Married,80763,0,0,5,6,1,0,468
311,46,PhD,Married,65352,0,1,4,8,0,0,91
1683,42,PhD,Married,82170,0,0,5,7,0,0,793
800,51,Bachelor,Married,75759,0,0,9,9,1,0,819
557,44,Master,Single,79689,0,0,4,13,0,0,846
9,64,PhD,Widow,35340,1,1,2,3,0,0,12
719,66,Bachelor,Divorced,85683,0,0,2,10,1,0,373
482,48,Master,Married,24884,1,0,0,3,0,0,13
1526,39,Master,Married,42021,1,0,10,6,1,0,148
3018,31,Bachelor,Single,64449,1,0,5,12,0,0,482
1648,66,Bachelor,Divorced,64587,1,1,1,4,0,0,16
2059,25,Bachelor,Single,34824,0,0,1,2,0,0,15
2134,42,Bachelor,Married,75437,0,0,8,10,1,0,640
1462,63,Bachelor,Married,26091,1,1,2,3,0,0,37
1106,47,Bachelor,Married,52845,1,0,8,6,1,0,447
2154,64,Bachelor,Divorced,46086,0,1,3,8,0,0,47
2659,64,PhD,Widow,78028,0,1,6,9,1,0,332
1234,33,PhD,Single,95169,0,0,4,4,1,0,576
2727,39,Master,Married,56337,1,1,8,4,1,0,188
438,33,Bachelor,Married,22434,1,0,2,3,0,0,26
2941,66,PhD,Married,36930,0,1,5,4,0,0,33
833,66,Bachelor,Single,36130,0,1,3,4,1,0,238
351,67,Master,Married,65569,0,1,6,10,0,0,354
1592,68,Bachelor,Married,83844,0,0,4,11,1,0,451
1076,52,Bachelor,Married,19514,1,1,3,2,1,0,26
2553,57,PhD,Single,36736,1,1,1,2,0,0,3
1758,41,Bachelor,Married,77568,0,1,10,8,1,0,628
195,44,PhD,Married,49187,0,1,1,5,0,0,34
2387,42,Bachelor,Single,30168,1,0,6,4,0,0,86
1496,52,Master,Married,34053,0,1,3,3,0,0,28
1753,49,Master,Married,38196,1,1,2,4,0,0,11
2109,69,Master,Married,59412,0,0,4,8,0,0,262
505,55,Master,Married,70924,0,0,6,7,1,0,500
1497,51,Bachelor,Married,54165,0,0,2,7,0,0,92
1998,47,Bachelor,Married,32300,1,0,1,3,0,0,15
2053,44,Bachelor,Single,20180,0,0,2,4,0,0,81
1951,47,Bachelor,Married,34961,1,0,3,3,0,0,32
1678,46,PhD,Married,28440,1,0,2,3,0,0,25
2948,67,PhD,Married,64504,1,1,11,4,0,0,220
1525,54,Master,Married,33564,0,1,1,3,0,0,3
1988,42,Bachelor,Married,17345,1,0,2,2,0,0,42
1844,53,PhD,Married,56320,0,1,5,9,0,0,341
2150,42,Bachelor,Single,28647,1,0,2,2,1,0,37
1174,33,Diploma,Single,15038,1,0,2,2,0,0,38
2798,62,PhD,Divorced,32173,0,1,1,3,0,0,2
84,56,Master,Married,68316,0,1,10,10,0,0,361
2247,49,Bachelor,Married,74538,0,0,8,5,1,0,941
1718,49,Bachelor,Single,91700,0,0,8,5,0,0,1258
2349,51,Bachelor,Married,68695,0,0,4,7,0,0,543
1707,43,Master,Married,31056,1,0,1,3,0,0,26
581,47,Bachelor,Married,79593,0,0,5,7,1,0,738
1429,40,Bachelor,Single,28071,0,0,5,5,0,0,204
2168,62,PhD,Married,37334,1,1,3,4,0,0,19
2084,48,Master,Single,46423,1,1,2,4,0,0,16
217,49,PhD,Married,37126,1,0,1,2,1,0,16
297,67,Bachelor,Married,47703,0,1,6,8,0,0,147
1325,61,Bachelor,Married,61180,0,1,5,6,1,0,59
664,66,Bachelor,Married,38998,1,1,2,3,0,1,15
400,29,Bachelor,Single,8028,0,0,0,0,0,0,91
2907,58,Bachelor,Married,76081,0,0,4,4,1,0,508
932,34,Bachelor,Married,34728,1,0,1,2,0,0,16
2366,55,Master,Single,33168,0,1,2,4,0,0,38
2007,54,Master,Married,33585,0,1,2,4,0,0,57
2486,60,PhD,Married,77037,0,1,7,12,0,0,597
1792,36,Bachelor,Married,35196,1,0,6,5,0,0,196
2977,54,Bachelor,Married,44529,0,1,6,11,1,0,121
251,55,Master,Married,70924,0,0,6,7,1,0,500
1138,54,PhD,Married,28764,1,1,1,2,1,0,3
165,71,PhD,Married,69098,0,0,7,9,0,0,947
486,50,Master,Divorced,25959,1,1,1,2,0,0,21
2306,37,Master,Married,27100,1,0,1,3,0,0,15
975,35,Bachelor,Single,70596,0,0,3,12,0,0,595
1904,46,Bachelor,Married,42557,0,1,6,4,0,0,58
1624,69,PhD,Married,53312,0,0,5,5,0,0,12
539,68,Bachelor,Single,72228,0,0,6,8,0,0,549
716,33,Bachelor,Married,67605,0,0,2,6,0,0,494
382,71,Master,Married,62845,1,1,3,10,1,0,45
1187,62,Bachelor,Married,65196,0,1,7,11,1,0,212
1114,33,PhD,Single,42000,0,0,5,11,0,0,435
1363,47,PhD,Divorced,35860,1,1,1,2,1,0,12
2188,56,PhD,Married,65526,0,1,4,8,0,0,100
2028,59,Bachelor,Married,16860,1,1,1,3,0,0,11
3034,28,Bachelor,Single,83528,0,0,4,8,1,0,929
1175,55,Master,Divorced,64176,0,1,8,8,0,0,346
2026,64,Bachelor,Divorced,22304,0,0,1,2,0,0,9
2882,42,Bachelor,Married,67023,0,0,3,13,0,1,437
2801,49,PhD,Married,32892,1,0,3,3,0,0,17
1328,54,Bachelor,Married,70713,0,1,5,8,0,0,475
2429,65,Bachelor,Married,59925,0,1,9,9,0,0,216
726,67,Bachelor,Married,39722,0,1,2,3,0,0,7
103,62,Bachelor,Married,46610,0,0,6,6,0,0,44
1687,59,Bachelor,Married,88347,0,0,4,9,1,0,810
2852,39,PhD,Married,87171,0,0,6,11,1,0,209
1914,44,Master,Married,26907,1,1,1,3,0,0,8
1978,52,Master,Single,50014,1,0,4,8,0,0,110
2030,42,PhD,Married,41014,1,0,1,2,0,0,10
879,55,Bachelor,Single,66294,0,0,4,5,0,0,507
90,49,Bachelor,Married,36715,1,0,7,4,0,0,156
2945,64,Bachelor,Married,79456,0,0,5,4,0,0,654
1477,38,Bachelor,Married,40479,1,0,0,3,0,0,10
606,50,Master,Single,75345,0,0,5,6,1,0,998
2281,43,Bachelor,Married,54233,0,1,11,5,0,0,187
2568,50,Bachelor,Single,24163,1,1,1,3,0,0,10
1587,62,PhD,Married,84460,0,0,9,4,1,0,236
2288,37,Bachelor,Married,43776,1,0,1,2,0,0,11
1149,62,PhD,Single,71691,0,0,4,5,0,0,781
2044,47,PhD,Married,85844,0,0,6,7,1,0,887
1745,46,PhD,Single,39190,1,0,2,4,0,0,45
477,61,Bachelor,Married,71367,0,0,4,7,0,0,454
1893,48,PhD,Single,38578,1,1,3,3,0,0,29
2283,55,PhD,Married,57236,1,1,2,4,0,0,11
2872,41,Bachelor,Single,61825,0,1,4,8,0,0,205
717,62,Bachelor,Divorced,79803,0,1,4,5,0,0,245
1754,34,Master,Single,80910,0,0,3,8,0,0,516
212,38,Master,Married,27590,1,0,1,2,0,0,5
3055,41,Bachelor,Married,56775,0,1,5,10,0,0,253
28,45,Bachelor,Divorced,83829,0,0,4,6,1,0,777
531,41,Master,Married,54210,0,1,4,7,0,0,243
1676,34,Bachelor,Married,38508,1,0,7,5,0,0,250
772,50,Bachelor,Married,53187,1,0,4,6,0,0,39
1381,48,Bachelor,Married,30023,1,0,2,3,0,0,23
921,60,PhD,Single,76045,0,0,4,11,1,0,470
1124,68,PhD,Married,50870,0,1,2,3,0,0,8
467,50,Master,Married,15315,0,0,2,4,0,0,32
305,46,Master,Married,65463,1,0,6,9,1,0,123
2284,55,Bachelor,Married,66480,1,1,4,7,0,0,86
1690,66,Bachelor,Divorced,76773,0,0,2,11,0,0,591
2099,37,Master,Single,81698,0,0,8,5,1,0,190
482,47,PhD,Single,54466,1,1,1,2,0,0,4
2676,60,Master,Single,98777,0,0,4,9,1,0,855
1124,36,PhD,Single,16269,1,0,3,3,0,0,24
609,49,Bachelor,Married,71819,0,1,3,5,1,0,168
1161,37,PhD,Married,33569,1,0,1,2,1,0,23
1638,37,Master,Married,36262,0,0,3,3,1,0,157
1376,54,Diploma,Married,22634,0,0,2,2,0,0,42
1220,42,Master,Married,47025,0,1,11,6,0,0,93
2940,52,Bachelor,Single,70566,0,1,6,9,0,0,327
736,41,PhD,Married,31605,1,0,2,4,0,0,44
2758,47,Master,Divorced,52034,1,1,4,5,0,0,100
2058,41,Bachelor,Single,48526,1,0,2,4,0,0,83
1798,66,Bachelor,Married,46734,0,1,6,5,0,0,168
11,58,Bachelor,Divorced,39552,1,1,6,5,0,0,154
329,54,Bachelor,Single,86358,1,1,5,6,0,0,623
2065,43,Bachelor,Married,46931,1,1,1,3,0,0,20
1567,35,Diploma,Single,16581,0,0,0,3,0,0,9
353,68,Master,Divorced,63998,0,0,7,11,0,0,847
2044,69,Master,Married,67381,0,1,2,9,1,0,72
2102,53,Bachelor,Single,25930,1,1,1,2,0,0,5
2634,42,Bachelor,Married,42693,1,0,1,3,0,0,30
2742,44,Bachelor,Married,85606,0,1,6,9,1,0,1125
2078,35,Bachelor,Single,72903,0,0,7,8,1,0,888
3042,46,Master,Married,49669,1,0,5,6,0,0,123
2435,52,PhD,Married,36778,1,1,3,3,0,0,40
369,58,PhD,Divorced,85696,0,0,4,9,0,0,587
2992,31,Master,Divorced,10979,0,0,3,3,0,0,16
1621,59,Bachelor,Married,49678,0,1,6,4,0,0,64
1490,67,Master,Married,56129,0,1,6,10,0,0,220
2738,31,Bachelor,Married,37155,1,0,2,4,0,0,33
352,42,Master,Divorced,21282,1,0,2,2,0,0,17
170,58,PhD,Single,33419,0,1,2,4,0,0,12
915,75,Bachelor,Widow,63285,0,0,6,13,0,0,423
944,46,Master,Married,21255,1,0,2,4,0,0,27
1188,39,Bachelor,Married,42162,1,0,3,3,1,0,68
1906,64,Bachelor,Married,54450,1,1,9,8,0,0,179
3024,66,PhD,Married,57744,0,1,9,4,0,0,42
764,34,Bachelor,Single,26576,1,0,1,2,1,0,8
841,77,PhD,Widow,57513,0,0,9,13,0,0,275
1588,56,Bachelor,Married,68142,0,1,10,7,0,0,413
582,41,Bachelor,Married,7500,0,1,1,2,0,0,8
2260,46,Bachelor,Married,83145,0,0,5,11,1,0,805
2959,60,Master,Married,54197,0,1,1,6,0,0,49
1909,57,PhD,Single,23091,1,1,2,3,0,0,11
1944,44,Bachelor,Married,46049,1,1,5,9,0,0,140
2961,46,Bachelor,Married,56715,0,0,7,4,0,0,581
1152,59,Bachelor,Married,79410,0,0,3,5,0,0,686
815,69,Bachelor,Married,57304,0,1,7,10,0,0,547
499,55,Bachelor,Married,44375,0,1,4,6,0,0,40
1274,64,Bachelor,Married,54450,1,1,9,8,0,0,179
1471,55,Bachelor,Married,59594,0,1,8,7,1,0,33
2,26,Bachelor,Married,80685,0,0,6,10,0,0,683
720,46,PhD,Married,40344,0,1,4,5,0,0,6
441,48,Bachelor,Married,62710,0,1,4,12,0,0,125
2635,52,Master,Married,48985,0,1,1,3,0,0,41
496,52,Bachelor,Married,35322,1,1,2,4,0,0,58
2511,72,Bachelor,Married,77142,0,0,4,8,0,0,266
1719,51,Bachelor,Single,81657,0,0,3,8,0,0,623
2435,24,Diploma,Married,14421,0,0,1,2,1,0,5
2891,46,Master,Married,20130,0,0,1,3,0,0,16
2648,30,PhD,Married,74214,0,0,8,5,0,0,716
724,63,Master,Married,66726,1,1,8,4,1,0,42
1083,41,Diploma,Married,23724,1,0,2,3,0,0,38
1836,60,Master,Married,47353,0,1,2,6,0,0,29
344,68,Master,Married,33444,1,1,1,2,0,0,8
591,39,Bachelor,Married,54386,0,1,3,10,0,0,147
701,39,Bachelor,Divorced,28510,1,1,2,4,0,0,24
1071,29,Master,Single,90638,0,0,3,10,1,0,1129
25,70,Bachelor,Married,48070,0,1,8,6,0,1,103
2746,63,Bachelor,Married,43140,0,1,4,5,0,0,90
2360,59,PhD,Divorced,54959,0,1,9,4,1,0,60
1886,62,Diploma,Single,15056,1,1,2,3,0,0,36
52,49,Bachelor,Single,26954,1,0,1,2,0,0,12
951,35,Bachelor,Single,22327,1,0,1,3,0,0,14
3002,55,Bachelor,Married,44393,1,1,1,4,0,0,24
2408,68,PhD,Single,62000,0,1,6,13,1,0,101
1405,58,PhD,Married,31497,0,1,3,4,0,0,42
750,46,Master,Married,45894,0,1,1,3,0,0,9
2683,50,Master,Divorced,78579,0,0,5,4,0,0,831
608,51,Master,Widow,67369,0,1,7,10,1,0,107
3056,60,Bachelor,Divorced,58401,0,1,1,2,0,0,28
965,68,Bachelor,Single,62307,0,1,4,4,0,0,57
2046,51,Master,Married,43641,1,1,2,4,0,0,57
96,52,Master,Divorced,63841,0,1,9,9,0,0,135
1026,55,Master,Married,46891,0,1,2,4,0,0,64
461,51,Master,Married,70091,1,0,5,10,1,0,186
3069,48,PhD,Married,78075,0,0,3,5,0,0,301
73,59,Master,Widow,59184,0,1,6,12,0,0,514
335,43,Bachelor,Married,54809,1,1,2,5,0,0,76
155,61,Bachelor,Married,58113,0,1,9,8,0,1,375
3009,62,Master,Married,51412,0,1,3,4,0,0,36
2951,41,Bachelor,Divorced,15287,1,0,1,2,1,0,14
300,63,Master,Married,66636,0,0,3,9,0,0,783
553,64,Master,Married,50965,0,1,10,5,1,0,106
2409,55,PhD,Married,84618,0,0,6,10,1,0,922
654,30,Bachelor,Married,18351,0,0,2,3,0,0,21
2416,63,PhD,Married,40451,0,1,1,2,1,0,4
404,55,Bachelor,Married,36317,0,1,3,4,0,0,31
1744,63,Bachelor,Married,42213,0,1,5,7,1,0,31
46,65,Bachelor,Married,65748,0,1,2,10,0,1,261
2636,48,Bachelor,Married,77044,0,1,7,11,1,0,330
3064,51,Bachelor,Married,74918,0,0,5,6,1,0,997
2856,48,Bachelor,Married,56721,1,1,4,5,0,0,51
1636,45,Bachelor,Single,42160,1,1,2,4,0,0,57
938,55,Bachelor,Single,61559,0,1,4,10,0,0,203
18,57,PhD,Married,33629,1,1,3,4,0,0,16
3031,29,PhD,Married,68682,0,0,4,10,0,0,604
600,57,Bachelor,Single,34377,0,1,2,2,0,0,25
2273,34,Diploma,Single,8940,1,0,3,3,0,0,52
2812,47,Bachelor,Married,26228,1,0,1,2,0,0,13
2415,63,Master,Divorced,77297,0,0,5,9,1,0,218
1039,39,Bachelor,Married,40211,1,1,2,2,1,0,10
2221,62,PhD,Widow,33438,1,1,2,4,0,0,20
2122,61,PhD,Married,75032,0,1,5,9,0,0,239
1123,65,PhD,Single,61284,0,0,11,8,1,0,141
161,34,Bachelor,Married,22518,1,0,2,2,1,0,21
2969,45,Master,Married,54730,0,1,4,8,0,0,24
1299,65,Master,Married,38452,1,1,3,3,0,0,14
1925,49,Bachelor,Divorced,44421,1,1,5,4,0,0,71
1913,34,PhD,Married,38197,1,0,1,3,0,0,13
1728,42,Bachelor,Divorced,41986,0,1,3,4,0,0,21
1017,37,Bachelor,Married,28427,1,0,2,3,0,0,25
863,44,PhD,Married,37395,1,0,1,3,0,0,9
828,49,Bachelor,Married,64722,1,0,8,11,0,0,340
958,64,Master,Married,55249,0,1,2,4,0,0,22
833,48,Bachelor,Married,84906,0,0,5,12,1,0,528
860,31,Bachelor,Married,28691,1,0,1,3,0,0,25
776,68,Bachelor,Single,44213,1,1,2,5,0,0,46
678,36,Diploma,Single,25707,1,0,1,3,0,0,11
1160,53,PhD,Married,59062,1,1,2,3,0,0,16
1948,58,Bachelor,Single,76624,0,1,5,7,1,0,307
1007,73,Master,Married,66000,0,0,1,5,0,0,422
712,42,PhD,Married,27683,1,0,6,4,0,0,142
2389,49,Bachelor,Divorced,1730,0,0,0,0,0,0,5
1543,28,Diploma,Single,7500,1,0,3,2,0,0,43
2813,52,Bachelor,Married,40521,1,1,0,2,0,0,5
1253,47,PhD,Married,20427,1,0,1,2,0,0,4
2535,45,Bachelor,Married,65106,0,1,8,13,1,0,164
252,55,PhD,Married,69969,0,0,4,6,1,0,581
2088,68,Bachelor,Married,67433,0,1,6,13,1,0,299
33,53,PhD,Married,77766,0,1,11,11,1,0,439
1042,48,Bachelor,Married,74716,0,1,7,5,0,0,461
1290,57,Bachelor,Divorced,68118,0,1,8,4,0,0,156
189,50,PhD,Married,55158,1,1,7,5,0,0,91
2098,65,Master,Married,62972,0,1,7,3,0,0,82
1612,45,Bachelor,Married,74190,0,1,4,11,0,0,335
1267,44,Bachelor,Married,39356,1,1,1,2,1,0,2
3010,51,Bachelor,Married,76653,0,0,4,11,1,0,1228
2256,47,PhD,Divorced,35860,1,1,1,2,1,0,12
2740,37,PhD,Divorced,90687,0,0,6,8,1,0,712
849,38,Master,Married,73450,0,0,7,11,1,0,556
841,60,Bachelor,Married,31454,1,1,2,3,0,0,11
2199,68,Bachelor,Single,47139,1,1,2,2,0,0,12
1326,45,Bachelor,Divorced,83829,0,0,4,6,1,0,777
3065,57,PhD,Married,53378,1,1,9,6,0,0,166
1807,50,Bachelor,Married,19656,1,0,2,3,0,0,19
1933,72,PhD,Married,45579,0,1,4,4,0,0,36
156,62,Master,Single,85485,0,0,6,6,0,0,681
454,76,Bachelor,Married,55956,0,0,7,4,1,0,192
1454,57,Master,Single,64191,0,1,5,13,0,0,352
628,48,Bachelor,Single,38808,1,0,5,4,1,0,72
840,54,Master,Married,57183,1,1,9,7,0,0,76
2176,52,Master,Divorced,23748,1,0,2,3,0,0,47
381,49,Bachelor,Married,66303,0,1,3,11,1,0,124
664,45,Master,Married,37368,1,0,1,2,1,0,15
734,56,Bachelor,Married,40800,1,1,3,3,0,1,35
2240,42,Bachelor,Divorced,71847,0,0,6,9,1,0,182
2299,45,Bachelor,Married,46149,0,1,5,7,0,0,81
709,37,Bachelor,Married,78687,0,0,4,8,1,0,1017
1339,49,Master,Divorced,49118,0,0,9,10,1,0,392
2458,63,PhD,Married,37633,1,1,1,3,0,0,24
3045,69,Master,Married,39767,0,0,7,7,0,0,299
621,69,Diploma,Married,26997,0,0,4,5,0,0,234
2700,50,Bachelor,Divorced,33986,1,0,1,3,0,0,22
2208,48,PhD,Married,57091,0,1,9,5,1,0,30
1416,51,Master,Married,46831,1,1,1,2,0,0,18
738,48,Master,Married,83151,0,0,5,10,1,0,1126
2159,49,Bachelor,Married,52531,0,0,7,10,0,0,314
18,64,Bachelor,Married,15759,0,0,1,2,0,0,13
1689,49,Bachelor,Single,22804,1,0,2,2,0,0,10
1272,47,Master,Married,43050,1,0,2,4,0,0,35
1529,43,PhD,Single,42997,1,1,1,2,0,0,5
2738,57,PhD,Single,48918,1,1,1,4,0,0,9
936,66,Master,Married,60033,0,1,2,5,0,0,77
2870,42,PhD,Married,34043,1,0,2,2,0,0,19
2479,54,Bachelor,Married,57811,0,1,7,11,1,0,158
1973,74,Bachelor,Married,78569,0,0,4,4,1,0,908
2768,42,Bachelor,Single,7500,1,1,2,3,0,0,22
1470,49,Master,Married,157733,1,0,1,1,0,0,12
1562,67,Bachelor,Married,94384,0,0,5,5,1,0,974
289,35,Master,Married,23148,0,0,2,3,0,0,20
2133,50,Bachelor,Divorced,44267,1,1,5,4,0,0,73
388,41,Bachelor,Married,71626,0,0,5,8,1,0,542
48,54,Bachelor,Married,60894,0,1,10,8,0,0,172
604,44,Bachelor,Married,50200,1,1,7,5,0,0,65
1048,55,PhD,Married,81051,0,0,5,12,1,0,316
3043,38,Bachelor,Married,65169,0,0,10,13,1,0,69
2616,48,Bachelor,Married,59868,0,1,11,12,0,0,259
1284,60,PhD,Married,65695,0,1,5,10,0,0,221
2946,64,Master,Single,64857,0,0,7,10,0,0,941
870,55,Master,Married,45143,0,1,6,5,0,0,90
3008,65,Master,Married,74805,0,1,4,10,0,0,412
1692,31,Master,Married,59060,1,0,3,7,0,0,187
665,58,PhD,Single,27238,1,1,3,3,0,0,17
2973,55,Bachelor,Married,47009,0,1,3,8,0,0,177
2794,47,Master,Married,46094,1,1,1,3,0,0,25
545,48,Bachelor,Married,40321,1,1,3,3,0,0,31
2285,36,Bachelor,Married,37235,1,0,1,2,0,0,15
2053,60,Master,Married,81843,0,0,5,12,0,0,657
1295,62,Master,Married,46692,0,1,6,5,0,0,127
1341,52,Bachelor,Married,77382,0,1,5,12,1,0,391
3055,43,Bachelor,Single,37774,1,0,7,3,1,1,122
3018,46,Diploma,Married,18393,1,0,3,3,0,0,39
1156,58,Master,Married,72828,0,1,6,13,0,0,254
1586,38,Bachelor,Married,24711,0,0,3,3,0,0,38
2387,45,PhD,Married,45503,1,0,3,4,0,0,54
3020,38,Master,Single,6560,0,0,1,1,0,0,41
2741,75,PhD,Married,71604,0,0,8,5,1,0,679
1648,41,Bachelor,Married,27244,1,0,2,2,0,0,25
1616,51,Bachelor,Married,48752,1,1,6,5,0,0,228
1026,58,Bachelor,Married,71434,0,1,7,7,1,0,425
485,72,Bachelor,Single,90842,0,0,4,13,0,0,370
85,42,Master,Married,88097,1,0,6,8,1,0,480
1577,45,Bachelor,Married,51948,0,1,5,4,0,0,158
603,38,Bachelor,Married,71853,0,0,2,6,0,0,662
482,37,Master,Married,35876,0,0,3,3,0,0,46
2814,68,Bachelor,Widow,40049,0,1,1,3,0,0,13
675,38,Bachelor,Single,39660,1,0,7,3,0,0,111
2339,58,Bachelor,Married,50127,0,1,5,6,1,0,25
1155,43,Master,Married,43263,0,1,5,6,0,0,67
1172,71,Master,Married,62845,1,1,3,10,1,0,45
250,30,Bachelor,Married,18929,0,0,1,4,0,0,31
429,38,Diploma,Single,24367,1,0,1,2,0,0,6
1424,45,Bachelor,Single,33249,1,0,2,3,0,0,50
2448,61,Master,Married,26887,0,1,1,3,0,0,14
165,37,PhD,Married,50150,0,0,5,7,0,0,203
1037,44,Bachelor,Married,62061,0,1,10,7,1,0,91
2409,58,PhD,Divorced,85696,0,0,4,9,0,0,587
2646,64,PhD,Married,76542,0,0,4,10,0,0,646
1644,27,Bachelor,Single,70515,0,0,6,4,0,0,634
36,33,Bachelor,Married,18227,1,0,0,2,0,0,13
72,55,Bachelor,Married,69139,0,1,4,5,0,0,120
1341,38,Bachelor,Married,69109,0,0,6,7,1,0,608
1413,58,Bachelor,Single,69627,0,1,8,11,0,0,547
2875,42,Bachelor,Married,38136,1,0,3,2,1,0,42
53,74,PhD,Single,62159,0,0,6,10,0,0,353
882,57,Bachelor,Single,80695,0,0,5,5,0,0,1306
1333,49,Master,Single,33316,1,1,2,4,0,0,36
2641,52,Bachelor,Married,58554,1,1,8,6,0,0,130
502,28,Diploma,Married,17256,1,0,2,2,1,0,26
1904,46,Bachelor,Divorced,53034,1,1,6,7,0,0,226
2036,70,Master,Married,52203,0,0,8,11,0,0,315
2588,43,Master,Divorced,59601,0,1,2,7,1,0,76
2770,62,Master,Single,75154,0,1,6,6,0,0,375
2321,44,Bachelor,Single,47025,0,1,6,5,0,0,135
209,47,Bachelor,Married,37971,1,0,1,3,0,0,16
99,52,Master,Divorced,41335,1,0,4,4,0,0,56
2056,62,Bachelor,Married,67267,0,1,3,5,0,0,85
927,45,Bachelor,Single,57338,0,1,4,5,0,0,69
629,60,Master,Married,50523,1,1,2,4,0,0,32
2507,55,Master,Single,35791,1,1,1,3,0,0,5
2376,60,PhD,Divorced,50611,0,1,4,7,1,0,30
1434,51,PhD,Married,56242,0,1,8,11,0,0,186
2675,60,Bachelor,Single,48904,0,1,7,4,0,0,48
1978,45,Bachelor,Single,56243,1,1,4,8,0,0,39
2361,35,Bachelor,Married,21355,1,0,2,2,1,0,27
1117,49,Master,Married,57420,0,1,5,6,1,0,18
1636,65,Master,Divorced,46390,0,1,4,3,0,0,80
2632,64,Master,Married,54342,1,1,3,4,0,0,55
1633,47,Bachelor,Married,20895,1,0,2,3,0,0,23
439,72,Bachelor,Married,92344,0,0,5,5,1,0,769
1231,44,Master,Married,26907,1,1,1,3,0,0,8
1548,40,Bachelor,Married,44964,1,1,1,3,0,0,20
1505,41,Bachelor,Married,75507,0,0,8,6,0,0,571
759,48,Master,Married,53761,1,1,4,3,0,0,89
1553,47,Bachelor,Married,22682,1,0,2,4,0,0,47
2845,48,PhD,Married,38887,1,0,1,3,0,0,14
3025,45,Master,Single,41658,1,1,1,2,0,0,31
3018,48,PhD,Married,29791,1,0,2,3,0,0,6
2633,64,Master,Married,63915,0,1,6,12,0,0,152
2564,46,Bachelor,Divorced,39996,1,1,1,2,0,0,3
2041,48,Bachelor,Divorced,26759,1,0,2,3,0,0,27
1028,52,Master,Divorced,63841,0,1,9,9,0,0,135
2552,51,PhD,Married,51039,1,1,6,4,0,0,208
1765,59,Bachelor,Married,60544,1,1,5,5,0,0,48
1562,48,Bachelor,Married,65685,0,1,9,9,0,0,63
1816,67,Bachelor,Married,37716,0,1,4,3,0,0,48
210,63,Bachelor,Single,36864,0,1,5,4,0,0,61
1280,50,Master,Married,44511,1,0,8,8,0,0,186
2016,53,PhD,Married,36947,1,1,3,4,0,0,28
662,69,Master,Married,47352,0,1,6,5,0,0,132
1582,67,Master,Married,67087,0,1,7,8,0,0,387
419,70,Bachelor,Married,57045,0,1,4,9,0,0,128
547,67,PhD,Divorced,36957,1,1,3,2,0,0,20
2490,43,PhD,Married,69389,0,1,7,12,0,0,314
640,48,Bachelor,Married,80134,1,0,5,6,1,0,392
1827,51,Master,Married,43142,1,1,1,2,0,0,10
2015,76,Bachelor,Married,80589,0,0,5,5,1,0,855
606,30,Bachelor,Single,34412,1,0,5,3,0,0,66
1994,41,Bachelor,Single,57537,1,0,4,8,0,0,246
2438,54,Diploma,Married,22634,0,0,2,2,0,0,42
2485,72,Bachelor,Married,51315,0,0,2,5,0,0,83
2943,48,Bachelor,Married,36026,1,1,2,3,0,0,20
1130,47,Bachelor,Married,24639,1,1,2,4,0,0,19
2171,48,PhD,Married,34578,1,1,1,2,0,0,1
574,48,Master,Single,65704,0,0,2,10,0,0,284
1639,54,Bachelor,Single,63810,0,1,4,12,1,0,281
2519,51,PhD,Married,54132,0,1,1,3,0,0,9
1402,61,Bachelor,Married,18690,0,0,1,2,0,0,31
2369,50,Bachelor,Married,28164,1,0,2,4,0,0,55
100,46,PhD,Married,34596,1,0,1,2,0,0,2
78,48,PhD,Married,43269,1,0,1,2,0,0,8
1251,62,Master,Single,38741,1,1,2,3,0,0,35
1287,48,Bachelor,Single,31907,0,0,6,6,0,0,326
2632,37,Master,Married,27100,1,0,1,3,0,0,15
1041,47,Master,Divorced,31163,1,0,1,3,0,0,24
1840,35,Bachelor,Married,92533,0,0,6,11,1,0,249
739,47,Bachelor,Single,34853,1,1,2,3,0,0,20
804,53,Bachelor,Divorced,70844,1,1,6,5,0,0,96
568,41,Master,Married,31086,1,1,1,2,1,0,16
956,59,Bachelor,Married,60544,1,1,5,5,0,0,48
732,34,Master,Married,20491,0,0,0,2,0,0,13
789,56,Bachelor,Married,42523,0,0,1,4,0,0,50
77,37,Bachelor,Married,39922,1,0,3,4,0,0,90
991,68,Bachelor,Married,33402,1,1,2,3,0,0,31
968,71,Master,Married,36408,1,1,1,2,0,0,8
1317,41,Bachelor,Married,21645,1,0,3,3,0,0,27
486,72,Master,Widow,78427,0,0,3,10,1,0,794
811,74,Bachelor,Married,82657,0,0,7,10,1,0,1086
2951,62,Bachelor,Married,51876,0,0,2,8,0,0,157
1929,49,Master,Married,78041,0,0,4,9,0,0,660
974,63,Bachelor,Married,52852,0,1,10,5,1,0,118
2663,38,PhD,Married,70038,0,0,4,8,0,0,473
451,47,Master,Married,69401,0,1,4,5,0,0,244
72,48,Bachelor,Married,46053,1,0,3,4,0,0,121
1149,55,Bachelor,Married,77343,0,0,3,9,0,0,822
2490,67,Bachelor,Single,73892,0,0,3,8,0,0,703
1645,53,PhD,Single,40304,1,0,2,3,0,0,17
1232,55,PhD,Married,32727,0,0,7,5,0,0,279
2808,51,Bachelor,Married,68695,0,0,4,7,0,0,543
649,49,Bachelor,Divorced,43300,0,1,4,4,0,0,57
2623,48,Bachelor,Married,26290,1,1,2,4,0,0,35
606,50,Bachelor,Single,93790,0,0,6,12,1,0,888
961,46,PhD,Married,38410,0,0,5,9,0,0,303
2799,70,Master,Widow,64866,0,1,7,7,1,0,33
1399,61,Bachelor,Married,57957,0,1,4,8,0,1,313
1850,65,PhD,Married,46015,1,1,1,3,1,0,2
1850,42,Bachelor,Married,16531,1,0,3,3,0,0,26
2767,34,Master,Married,28072,1,0,1,3,0,0,12
1274,57,Master,Divorced,49476,0,1,2,5,0,0,172
2612,67,Bachelor,Married,50725,0,1,8,8,0,0,85
265,68,Bachelor,Married,83844,0,0,4,11,1,0,451
997,70,PhD,Married,41145,1,1,0,3,0,0,3
1301,50,Bachelor,Married,67419,0,1,9,8,0,0,527
1658,50,Master,Married,23162,1,1,1,3,0,0,31
183,43,Bachelor,Married,34380,1,0,4,3,0,0,78
1364,54,Bachelor,Single,34704,0,1,1,3,0,0,5
1584,51,PhD,Married,94871,0,1,8,4,1,0,765
402,62,Bachelor,Married,65148,0,1,6,7,0,0,490
243,66,Bachelor,Married,39898,0,1,3,4,0,0,46
2752,64,Master,Single,64857,0,0,7,10,0,0,941
3047,50,PhD,Married,59892,0,1,2,3,0,0,13
1469,33,Master,Single,41020,0,0,3,4,0,0,62
2353,59,PhD,Married,57072,0,1,7,13,1,0,60
320,41,Bachelor,Single,60474,0,1,10,12,0,0,736
1916,60,Bachelor,Married,62807,0,1,5,12,0,0,173
1354,39,Master,Married,19414,1,0,1,3,0,0,18
832,40,Bachelor,Married,19107,1,0,1,3,0,0,23
2797,44,Master,Married,75484,0,1,7,6,0,0,553
1517,44,Master,Single,70379,0,1,6,13,0,0,232
325,50,Master,Married,79419,0,0,4,4,0,0,834
1594,74,PhD,Married,64014,1,1,8,5,1,0,30
79,65,Bachelor,Married,76998,0,1,11,8,1,0,319
1796,48,Master,Married,49854,1,0,6,5,0,0,227
718,49,PhD,Married,60585,1,1,7,9,0,0,406
1180,70,PhD,Divorced,42873,1,1,6,4,0,0,43
217,32,Bachelor,Married,87679,0,0,7,10,1,0,1084
13,42,Bachelor,Married,57867,1,0,7,9,0,0,228
1280,30,Bachelor,Married,35765,1,0,2,4,0,0,33
440,61,Bachelor,Married,65492,0,0,4,13,0,0,666
711,43,Bachelor,Divorced,32952,1,0,2,3,0,0,15
2232,51,PhD,Married,53374,0,1,4,9,1,0,124
2516,61,Bachelor,Married,71706,0,1,9,7,0,0,400
1368,32,Bachelor,Married,68487,0,0,9,13,0,0,430
2819,45,Master,Married,53253,1,1,4,5,0,0,86
1930,47,Master,Divorced,31163,1,0,1,3,0,0,24
1085,43,Bachelor,Married,42014,1,0,7,6,0,0,127
2021,47,Master,Married,54108,1,1,8,9,0,0,105
989,65,PhD,Single,49667,0,0,5,5,1,0,163
201,46,Master,Married,63206,0,0,4,6,1,0,144
767,48,Master,Married,57136,1,1,5,10,0,0,135
1058,45,Master,Married,46772,0,1,11,5,1,0,490
1440,49,PhD,Married,78931,0,0,2,13,0,0,425
126,62,Bachelor,Married,53977,0,1,5,12,0,0,181
1672,32,Bachelor,Married,84219,0,0,3,10,0,0,582
381,45,Master,Single,46098,1,1,3,2,0,0,27
2492,55,Bachelor,Married,73538,0,1,10,9,0,0,603
104,34,Bachelor,Married,79529,0,0,4,9,0,0,821
338,43,Master,Married,20981,0,0,3,2,0,0,28
1328,40,Bachelor,Single,51766,1,0,4,4,0,0,144
256,58,Bachelor,Married,55759,0,1,10,8,0,0,95
1518,42,Bachelor,Married,33039,1,0,2,4,0,0,28
958,48,Master,Married,37787,1,0,3,3,0,0,45
1961,50,Bachelor,Single,27242,1,0,2,3,0,0,63
2404,37,PhD,Single,87188,0,0,10,6,0,0,884
723,49,Bachelor,Married,69930,0,0,4,12,0,0,1144
768,44,Bachelor,Single,37697,1,0,2,3,0,0,38
1819,47,PhD,Married,37401,1,0,2,3,0,0,25
2778,47,Bachelor,Single,3502,1,0,0,0,0,0,2
589,44,Bachelor,Married,58597,1,1,7,9,0,0,194
484,72,PhD,Widow,82032,0,0,4,7,0,0,720
2087,62,Bachelor,Married,28087,1,1,2,2,0,0,38
1378,33,PhD,Single,74004,0,0,4,4,1,0,650
2417,60,Bachelor,Married,19740,0,1,1,3,0,0,24
944,45,Master,Married,57036,0,1,6,13,1,0,281
1241,62,Master,Married,53083,1,1,5,5,1,0,43
2999,45,PhD,Married,69283,0,1,7,13,0,0,196
2126,45,Master,Single,46098,1,1,3,2,0,0,27
1042,32,Master,Married,23331,1,0,3,3,0,0,43
770,32,Master,Single,23331,1,0,5,5,0,0,145
2373,31,Bachelor,Single,9255,1,0,1,2,0,0,9
1153,61,PhD,Widow,67786,0,0,3,6,0,0,603
825,49,PhD,Married,71969,0,1,3,9,1,0,76
1343,53,Master,Single,59235,1,0,11,12,0,0,589
2043,31,Bachelor,Married,31928,1,0,3,4,0,0,32
547,59,Master,Married,74881,1,1,9,12,0,0,378
2366,42,Bachelor,Married,65819,0,0,5,10,0,0,888
1822,67,PhD,Single,51411,1,1,0,3,0,0,3
2717,56,Bachelor,Divorced,51983,0,1,9,10,0,0,125
1016,34,Master,Married,42386,1,0,3,3,0,0,20
2997,33,Master,Married,30390,0,0,2,3,0,0,49
2629,57,Bachelor,Single,30983,0,0,4,3,0,0,66
1204,63,Bachelor,Widow,66033,0,1,8,7,0,0,260
1886,45,Master,Married,37284,1,1,0,3,0,0,5
1594,69,Master,Divorced,57530,0,1,1,4,0,0,34
1339,55,Master,Married,76800,0,0,4,7,0,0,316
245,64,Bachelor,Married,63943,0,1,6,6,0,0,565
1103,58,Bachelor,Married,76081,0,0,4,4,1,0,508
2970,46,Bachelor,Married,67445,0,1,9,12,0,0,326
2301,53,Master,Married,37054,1,1,1,3,0,0,7
2236,58,Master,Married,47175,1,1,4,4,1,0,52
2278,44,Bachelor,Divorced,31859,1,0,1,2,0,0,12
1317,59,Bachelor,Divorced,27215,1,1,2,4,0,0,35
2604,44,PhD,Divorced,70179,0,1,7,13,0,0,325
173,37,Bachelor,Married,39922,1,0,3,4,0,0,90
171,44,Master,Married,49681,0,1,7,7,0,0,26
1020,32,Bachelor,Married,24645,1,0,1,2,0,0,11
3037,66,Bachelor,Divorced,79865,0,1,5,5,0,0,562
2754,35,Bachelor,Married,44322,1,0,3,3,0,0,43
1792,68,Bachelor,Single,47958,0,1,6,5,0,0,114
2180,56,Master,Single,63972,0,1,5,10,1,0,317
1955,66,Bachelor,Married,75315,0,1,5,12,0,0,328
1807,70,PhD,Married,55517,1,1,11,6,0,0,108
2414,63,PhD,Married,75283,1,1,6,5,0,0,201
713,74,PhD,Single,82800,0,0,7,12,1,0,196
405,66,Bachelor,Married,38998,1,1,2,3,0,1,15
2563,29,Master,Single,90638,0,0,3,10,1,0,1129
1577,34,Master,Married,27161,1,0,1,3,0,0,34
2463,43,Bachelor,Married,42014,1,0,7,6,0,0,127
3031,60,PhD,Married,38201,0,1,5,5,0,0,23
540,38,Bachelor,Married,45203,1,0,3,3,0,0,80
2686,73,PhD,Married,81574,0,0,4,8,1,0,511
2189,28,Bachelor,Married,34935,0,0,2,4,0,0,73
9,44,Master,Single,60482,0,1,7,7,0,0,214
2246,64,Bachelor,Married,34633,1,1,1,2,0,0,6
487,73,Master,Married,78093,0,0,4,5,0,0,684
2766,70,Bachelor,Divorced,82460,0,0,5,6,0,0,672
2991,54,Master,Married,45903,0,1,2,3,0,0,20
1281,33,Bachelor,Divorced,81361,0,0,3,13,0,0,474
1748,47,PhD,Divorced,35860,1,1,1,2,1,0,12
1685,68,Master,Married,40442,1,1,3,4,0,0,89
321,55,Bachelor,Married,61482,0,0,3,6,0,0,142
230,40,Bachelor,Married,34968,1,0,3,5,0,0,59
2352,33,Bachelor,Married,75794,0,0,7,12,1,0,848
3026,58,PhD,Married,31497,0,1,3,4,0,0,42
2777,65,Bachelor,Married,74268,0,0,4,5,0,0,478
305,32,Diploma,Married,13724,1,0,2,2,1,0,14
1969,55,Master,Married,45143,0,1,6,5,0,0,90
834,53,PhD,Single,52569,0,1,2,4,0,0,3
2467,47,PhD,Single,48432,0,1,7,6,0,0,57
744,60,Master,Married,17144,1,1,3,4,0,0,21
437,36,Bachelor,Single,36108,1,0,7,4,1,0,140
2195,49,Bachelor,Married,76445,1,0,2,13,0,0,556
1420,45,PhD,Married,36663,1,0,1,3,0,0,9
2595,55,Master,Married,53843,0,1,8,3,0,0,107
349,64,Master,Married,90226,0,0,4,12,1,0,1010
1196,65,Master,Divorced,70638,0,0,4,10,1,0,243
2386,60,Bachelor,Married,44512,1,1,1,3,0,0,7
110,59,Bachelor,Married,27116,1,1,2,3,0,0,24
2567,57,PhD,Married,54072,1,1,2,2,0,0,4
2865,43,Bachelor,Married,71855,0,1,5,11,0,0,453
1356,30,Master,Single,51250,1,0,10,4,1,0,296
2332,47,Master,Married,60432,0,1,7,5,0,0,22
1217,56,PhD,Married,65526,0,1,4,8,0,0,100
678,32,Bachelor,Single,68655,0,0,4,11,0,0,926
1251,42,Master,Married,12393,0,0,2,3,0,0,32
2426,30,Bachelor,Single,64509,0,0,6,9,1,0,784
2216,45,Bachelor,Single,33955,1,0,5,5,0,0,153
2643,43,Bachelor,Married,31353,1,1,1,2,0,0,13
1633,36,Bachelor,Married,55434,1,0,5,13,0,0,499
1991,37,Bachelor,Married,28359,1,0,1,2,0,0,7
1861,33,Bachelor,Single,57100,1,0,3,7,0,0,125
2516,55,Bachelor,Married,69139,0,1,4,5,0,0,120
2950,64,Master,Married,52973,0,1,9,9,0,0,88
133,55,PhD,Married,51717,0,1,3,4,1,0,18
2513,49,Bachelor,Married,18793,1,0,2,4,0,0,36
3060,38,Master,Married,66664,0,0,5,6,0,0,763
2301,61,Bachelor,Single,50664,1,1,8,6,0,0,118
589,57,Bachelor,Married,54414,1,1,3,5,0,0,58
532,68,PhD,Married,54549,0,1,5,4,0,0,8
1357,49,PhD,Widow,47111,0,1,3,10,0,0,344
904,57,PhD,Divorced,41003,0,0,6,8,0,0,346
1237,38,Bachelor,Married,19444,1,0,4,2,0,0,26
673,44,Master,Married,36301,1,0,3,3,0,0,50
1726,73,PhD,Married,73059,0,1,9,13,0,0,532
383,51,PhD,Married,42731,1,0,4,5,0,0,59
632,61,PhD,Married,52854,1,1,2,4,0,0,10
2530,42,Bachelor,Married,22775,1,0,1,2,0,0,9
2577,72,PhD,Married,46681,0,1,4,4,0,0,99
1966,65,PhD,Married,59821,0,1,11,7,0,0,70
998,66,Bachelor,Divorced,50002,0,1,8,7,0,0,97
2316,75,Bachelor,Married,69755,0,0,3,12,0,0,561
565,51,Bachelor,Married,44078,1,1,2,3,0,0,13
2824,44,Master,Married,30560,1,0,1,3,0,0,10
2300,51,Master,Married,35924,1,1,1,3,0,0,16
543,56,PhD,Divorced,64140,0,1,2,6,1,0,61
2841,39,Bachelor,Married,56386,1,1,9,7,0,0,275
1330,41,Diploma,Married,24594,1,0,1,3,0,0,19
2282,39,Master,Married,75774,1,0,7,8,0,0,413
1430,60,Master,Divorced,39228,0,0,0,3,0,0,7
2686,46,Master,Married,58494,0,1,6,6,0,0,79
2571,39,Bachelor,Single,58684,0,0,5,12,1,0,242
2424,53,Bachelor,Divorced,57136,0,0,7,7,0,0,773
556,70,PhD,Widow,56551,1,1,2,4,0,0,53
579,38,Bachelor,Married,22448,1,0,2,3,0,0,32
2642,59,Bachelor,Single,82014,0,0,3,12,0,0,337
2147,57,Bachelor,Widow,34213,1,1,3,2,0,0,38
2045,43,Bachelor,Married,157146,0,0,0,0,0,0,1727
1075,73,PhD,Widow,25358,0,1,1,3,0,0,5
3069,42,Master,Single,35544,1,0,2,3,0,0,32
1377,66,Master,Married,36634,0,1,5,5,0,0,89
2668,66,PhD,Married,62670,0,1,5,13,0,0,202
1629,48,Master,Married,50334,0,1,7,6,0,0,260
1159,39,Bachelor,Single,72066,0,0,4,6,1,0,704
2561,62,PhD,Single,50729,1,1,6,7,0,0,201
888,52,Bachelor,Married,34916,1,0,5,3,0,0,138
2915,44,Bachelor,Divorced,64892,0,1,6,12,0,0,286
800,54,Bachelor,Single,43602,1,1,3,2,0,0,27
382,31,PhD,Single,33996,0,0,1,3,0,0,25
751,35,Master,Single,41473,1,0,2,3,0,0,43
422,53,PhD,Married,63246,0,1,6,12,0,0,150
1541,61,PhD,Married,36732,1,1,1,4,0,0,18
2808,50,PhD,Married,69084,1,0,7,13,0,0,345
234,53,PhD,Married,77766,0,1,11,11,1,0,439
806,35,PhD,Single,37929,0,0,4,5,1,0,51
561,69,Bachelor,Married,86610,0,0,5,6,0,0,908
1309,34,Master,Married,80141,0,0,7,10,1,0,827
2983,65,Master,Married,72635,0,0,6,6,1,0,449
2761,50,Bachelor,Married,69016,0,1,8,13,0,0,539
2400,29,Master,Married,20193,0,0,1,4,0,0,54
194,45,Bachelor,Married,27573,1,0,5,4,0,0,164
578,41,Diploma,Single,15862,1,0,1,3,0,0,16
2145,44,PhD,Married,49544,1,0,5,8,0,0,73
821,40,Bachelor,Married,33228,1,0,2,3,0,0,40
969,42,Bachelor,Married,70440,0,0,5,7,1,0,692
1636,49,Bachelor,Married,38232,1,1,3,3,0,0,40
1789,65,PhD,Married,22554,1,1,2,4,0,0,10
2791,37,PhD,Married,23536,1,0,0,3,0,0,3
425,68,Bachelor,Married,49413,0,1,4,5,0,0,51
395,51,Bachelor,Married,42231,1,1,1,3,0,0,8
2480,40,Master,Divorced,78789,0,0,4,5,0,0,921
632,52,Bachelor,Married,56534,0,1,10,7,1,0,78
180,49,Bachelor,Single,58350,0,1,8,12,0,0,348
988,31,Bachelor,Single,81217,0,0,3,11,0,0,540
1253,69,Bachelor,Single,49090,0,1,7,9,0,0,94
1367,33,Master,Divorced,61787,0,0,8,6,0,0,565
1342,35,PhD,Married,18169,1,0,1,2,0,0,5
2522,39,Master,Single,24336,1,0,1,2,0,0,16
2444,30,Bachelor,Married,18222,0,0,2,3,0,0,35
2645,68,Bachelor,Divorced,62335,0,1,3,13,0,0,433
1356,49,Master,Married,42033,1,1,1,2,0,0,7
57,37,PhD,Married,86580,0,0,4,5,1,0,174
2535,63,PhD,Divorced,41437,1,1,1,3,0,0,2
3001,69,Master,Widow,73705,0,1,9,8,0,0,869
2663,44,Bachelor,Married,61064,0,1,8,11,0,0,468
364,65,Master,Married,38452,1,1,3,3,0,0,14
2827,31,Bachelor,Single,18358,1,0,3,4,0,0,43
121,47,PhD,Married,55012,0,1,8,9,0,0,65
1420,47,Diploma,Married,9722,1,0,3,3,0,0,39
302,36,PhD,Married,38175,1,0,3,4,0,0,77
881,64,Master,Married,58656,0,1,7,13,1,0,222
2043,55,Bachelor,Married,52117,0,1,5,4,0,0,147
370,42,Bachelor,Married,64813,1,0,7,10,0,0,303
2852,47,PhD,Married,54222,0,1,3,5,0,0,46
522,34,Bachelor,Married,83512,0,0,4,10,1,0,976
2547,61,Master,Married,77520,0,1,8,7,1,0,440
863,42,Bachelor,Married,41154,0,1,1,4,0,0,15
368,54,Bachelor,Married,80398,0,0,5,12,1,0,1194
2728,28,Diploma,Single,18746,1,0,3,3,0,0,33
1191,36,Bachelor,Married,35196,1,0,6,5,0,0,196
1028,64,Bachelor,Single,60230,0,1,6,6,0,0,426
970,43,Bachelor,Married,22108,1,1,2,3,0,0,18
2576,46,Bachelor,Married,44392,1,1,4,4,0,0,83
2413,44,PhD,Married,55424,0,1,7,9,1,0,255
1537,41,Bachelor,Married,17688,1,0,1,2,0,1,6
1080,37,PhD,Married,92491,0,0,7,12,1,0,1008
1794,29,Bachelor,Single,90273,0,0,5,7,1,0,1102
1125,58,PhD,Widow,82571,0,0,6,13,1,0,651
1719,38,PhD,Single,38513,1,0,6,5,0,0,134
1117,41,Master,Single,16653,1,0,2,3,0,0,53
781,65,Bachelor,Married,42586,1,1,4,6,0,0,58
1287,55,Diploma,Single,23529,0,1,1,2,0,0,23
688,59,Master,Married,74881,1,1,9,12,0,0,378
729,69,Bachelor,Married,71107,0,1,7,13,0,0,425
1810,56,PhD,Married,46910,1,1,2,3,0,0,14
1277,61,Bachelor,Married,18690,0,0,1,2,0,0,31
2225,65,Bachelor,Divorced,37244,1,1,1,2,1,0,12
517,54,Bachelor,Married,82427,0,0,3,12,1,0,760
333,62,Master,Single,75342,0,1,5,10,0,0,215
1127,66,Bachelor,Divorced,70044,0,1,7,5,0,0,403
236,53,Bachelor,Single,79146,1,1,8,8,0,0,260
2637,57,Bachelor,Married,77437,0,0,4,13,1,0,492
248,61,Bachelor,Married,54984,0,1,6,6,1,0,176
1573,49,PhD,Married,42403,1,0,1,3,0,0,12
1287,56,Bachelor,Married,55761,0,1,4,3,1,0,13
2349,37,Bachelor,Married,37292,1,0,6,5,0,0,96
1280,75,PhD,Single,45576,0,0,3,3,0,0,50
2064,73,Bachelor,Married,70321,0,0,6,13,0,0,856
2394,51,PhD,Divorced,58086,0,1,11,7,0,0,69
1427,68,Bachelor,Married,81795,0,0,4,7,0,0,852
479,73,Diploma,Married,28389,0,0,1,2,0,0,15
798,74,Master,Married,66835,0,0,6,13,0,0,255
878,51,Bachelor,Divorced,69901,0,1,7,10,0,0,329
2971,71,PhD,Married,80360,0,0,4,5,1,0,652
780,59,PhD,Married,63342,0,1,8,5,1,0,152
438,46,Bachelor,Married,44989,0,1,5,5,0,0,155
397,40,Master,Single,31859,1,0,1,3,0,0,26
2434,71,PhD,Widow,51569,0,1,7,7,1,0,53
2802,49,Bachelor,Widow,30372,1,1,2,3,0,0,19
1853,41,Diploma,Single,16014,1,1,1,4,0,0,20
1721,52,Bachelor,Married,41120,1,1,2,3,0,0,25
656,49,Master,Single,39763,1,0,5,2,0,0,65
707,65,PhD,Married,38725,1,1,1,4,0,0,8
4,48,Bachelor,Married,77981,1,0,7,7,0,0,340
530,56,Master,Married,62905,0,1,7,8,0,0,290
64,41,Master,Divorced,13533,1,0,2,3,0,0,19
2955,45,Bachelor,Married,59481,0,1,3,8,0,0,159
233,43,Bachelor,Married,72117,0,1,9,9,0,0,256
1013,34,Master,Married,21955,1,0,2,3,0,0,25
668,64,Bachelor,Married,67131,0,1,9,12,0,0,414
1734,40,PhD,Single,36802,1,0,1,3,0,0,3
1587,38,Bachelor,Married,71853,0,0,2,6,0,0,662
3010,59,Diploma,Married,28249,0,0,2,3,0,0,18
1839,45,Master,Married,47808,0,1,3,3,1,0,29
601,46,PhD,Divorced,25509,1,0,3,3,0,0,43
3072,74,PhD,Married,51012,0,0,4,4,0,0,74
800,35,Bachelor,Single,70596,0,0,3,12,0,0,595
1075,68,PhD,Married,85431,0,0,2,7,0,0,683
3019,53,Bachelor,Married,42664,0,1,1,3,0,0,3
461,65,Bachelor,Married,42586,1,1,4,6,0,0,58
927,35,Bachelor,Single,29760,1,0,3,4,0,0,79
456,43,PhD,Married,28973,0,0,5,5,0,0,49
2833,47,PhD,Married,39435,1,0,3,2,0,0,18
979,36,Master,Married,65370,0,0,2,13,0,0,272
2373,41,Diploma,Single,20194,1,0,2,3,0,0,22
274,44,PhD,Single,42473,1,1,2,4,0,0,22
725,52,Bachelor,Married,64590,0,0,9,10,0,0,342
2820,61,Bachelor,Married,71232,0,1,11,10,0,0,221
2219,49,Bachelor,Married,34600,1,1,5,5,0,0,101
1829,53,Bachelor,Single,46904,1,1,5,4,0,0,60
2893,47,Bachelor,Married,49094,0,1,6,6,0,0,49
2234,37,Bachelor,Married,36075,1,0,2,4,0,0,42
1746,41,Master,Married,60839,1,1,2,12,0,0,372
1123,41,Bachelor,Married,77298,0,1,6,11,0,0,430
2050,70,Bachelor,Married,34026,1,1,2,3,0,0,33
715,57,PhD,Single,48918,1,1,1,4,0,0,9
516,58,Master,Married,82122,0,0,3,13,1,0,523
681,44,Bachelor,Single,37697,1,0,2,3,0,0,38
924,68,Bachelor,Married,34074,1,1,3,3,1,0,52
793,60,Master,Married,28520,1,1,1,2,0,0,10
2492,65,Bachelor,Single,62535,0,1,3,8,0,0,138
706,43,Master,Single,36273,1,0,3,3,0,0,36
154,56,Bachelor,Married,63404,0,1,6,4,1,0,107
717,39,Master,Married,75774,1,0,7,8,0,0,413
2525,44,Bachelor,Married,78416,0,1,7,10,0,0,505
1118,46,Bachelor,Married,75702,0,1,10,13,1,0,774
1686,69,Master,Married,59385,1,1,3,4,0,0,10
316,54,Bachelor,Single,37070,1,1,5,8,0,0,148
304,69,Bachelor,Married,44689,1,1,1,2,1,0,5
226,62,Bachelor,Married,53977,0,1,5,12,0,0,181
1410,54,PhD,Single,7144,0,1,23,1,0,0,42
775,56,Bachelor,Single,18701,1,1,2,4,0,0,16
897,64,Bachelor,Married,90369,0,0,4,6,0,0,1256
867,46,PhD,Single,63159,0,0,3,8,1,0,709
1328,54,Bachelor,Married,37758,1,1,1,3,0,0,12
1975,57,PhD,Single,46757,0,1,4,7,0,0,193
552,51,Master,Married,79734,0,0,4,6,1,0,263
383,28,Bachelor,Married,63207,0,0,2,6,1,0,825
1547,66,Bachelor,Divorced,72071,0,1,5,8,0,0,519
1146,37,PhD,Married,21840,1,0,1,3,0,0,9
76,38,Master,Married,58582,0,1,9,9,1,0,242
1500,69,Bachelor,Single,72282,0,0,5,9,0,0,536
2812,64,Bachelor,Married,50387,0,1,6,8,0,0,108
2196,59,PhD,Married,32583,1,1,1,2,0,0,3
400,58,Bachelor,Married,62568,0,1,5,5,1,0,495
539,49,Master,Divorced,44635,1,1,2,3,0,0,9
1291,49,Master,Single,33316,1,1,2,4,0,0,36
2680,52,Bachelor,Married,63967,0,1,4,12,0,0,298
2556,42,Master,Married,52513,0,0,9,9,0,0,362
1989,51,Bachelor,Married,25293,1,0,1,2,0,0,11
2760,55,PhD,Widow,54111,0,1,5,6,0,0,68
1069,34,Bachelor,Married,78394,0,0,4,5,0,0,940
1631,62,Master,Married,80739,0,0,3,9,0,0,867
2123,45,Master,Married,22669,1,0,4,2,0,0,87
2463,33,Bachelor,Single,29236,1,0,4,3,0,0,44
166,61,Bachelor,Married,44911,0,1,4,4,0,0,24
228,58,PhD,Married,54693,0,1,6,13,0,0,182
1491,46,Bachelor,Married,48186,1,0,4,4,0,0,81
470,43,Bachelor,Married,54809,1,1,2,5,0,0,76
1519,42,Bachelor,Married,41580,1,1,2,3,0,0,33
1250,50,PhD,Married,80336,0,0,2,13,0,0,635
713,63,Bachelor,Married,47743,0,1,4,6,1,0,45
2939,65,Master,Married,62972,0,1,7,3,0,0,82
203,66,PhD,Divorced,57333,0,1,8,9,0,0,487
1240,38,PhD,Married,32313,1,0,4,4,0,0,62
2382,67,Master,Widow,84953,0,0,3,4,1,0,713
311,52,Master,Divorced,27071,1,0,2,3,0,0,22
2868,63,Master,Married,68148,0,0,4,6,0,0,511
1061,55,Master,Married,65735,1,1,6,6,0,0,130
1550,45,PhD,Married,86836,0,0,6,6,1,0,294
797,57,PhD,Married,4023,1,1,0,0,0,0,2
140,30,Bachelor,Married,30093,0,0,2,3,0,0,47
640,54,PhD,Married,57705,0,1,8,6,0,0,59
1770,32,Bachelor,Single,25008,1,0,1,3,0,0,22
2480,25,Master,Single,83257,0,0,5,12,1,1,655
2469,45,Bachelor,Married,22280,1,0,1,2,0,0,8
2883,42,PhD,Married,72159,0,0,4,10,0,0,986
1661,59,Bachelor,Married,64260,0,0,4,4,0,0,1005
1476,36,PhD,Single,82733,0,0,8,7,0,0,535
1489,49,Master,Divorced,74290,0,1,10,10,1,0,72
2105,69,Master,Single,58217,1,1,2,4,0,0,17
1348,44,Master,Married,21024,0,0,2,4,0,0,28
220,48,PhD,Married,70116,0,0,2,12,0,0,742
2501,35,Bachelor,Married,54006,1,0,8,7,0,0,286
376,54,PhD,Married,69063,0,1,5,5,0,0,228
1725,45,Master,Divorced,11448,0,0,1,2,0,0,6
2441,41,Bachelor,Single,61825,0,1,4,8,0,0,205
2257,49,Bachelor,Married,70886,1,0,5,4,0,0,412
2239,38,Bachelor,Married,69109,0,0,6,7,1,0,608
1646,47,Bachelor,Widow,60208,1,1,8,7,1,0,109
1293,52,Master,Married,32889,1,1,2,3,0,0,17
952,36,Bachelor,Single,34738,1,0,1,3,0,0,15
170,49,Master,Married,30538,1,0,9,4,0,0,60
1907,43,Master,Married,82326,0,0,5,6,1,0,1055
2450,53,PhD,Divorced,26642,1,0,2,3,0,0,19
1256,56,Bachelor,Divorced,69932,0,1,7,11,0,0,475
550,48,Bachelor,Single,44503,1,1,2,3,0,0,9
998,72,PhD,Single,60200,0,1,6,11,0,0,151
280,68,Bachelor,Divorced,49638,0,1,1,3,0,0,16
892,33,Master,Single,23830,0,0,1,3,0,0,18
853,61,Master,Widow,33051,0,0,9,8,0,0,422
1958,62,Bachelor,Married,72905,0,0,3,9,1,0,740
230,69,PhD,Married,69702,0,1,7,10,0,0,299
2014,45,Bachelor,Divorced,70300,1,0,5,13,0,0,459
122,36,PhD,Married,70643,0,0,5,4,0,0,434
2072,51,PhD,Married,30396,1,0,1,2,1,0,6
192,52,PhD,Divorced,50616,0,1,4,4,0,0,16
2906,51,Master,Single,62772,0,1,5,11,1,0,249
1110,35,PhD,Single,30298,0,0,1,3,0,0,21
2017,36,Bachelor,Single,52413,1,0,7,7,0,0,197
1207,63,PhD,Married,44155,1,1,1,2,0,0,10
3062,49,PhD,Divorced,86979,0,0,5,5,1,0,1000
3035,45,Bachelor,Married,76532,1,1,9,7,0,0,297
3052,38,Bachelor,Married,42081,1,0,6,4,1,0,174
37,32,PhD,Married,67546,0,0,4,5,0,0,1052
804,31,Master,Married,88420,0,0,4,8,1,0,864
2523,35,Bachelor,Married,31158,1,0,2,3,0,0,42
756,52,Bachelor,Divorced,61671,0,1,10,6,1,0,63
2968,46,Bachelor,Single,69719,0,0,2,5,0,0,471
725,71,Bachelor,Divorced,49160,0,1,3,6,0,0,89
1484,42,Diploma,Married,24882,1,0,1,2,1,0,43
2998,66,PhD,Single,90933,0,0,4,4,1,0,523
771,75,PhD,Single,113734,0,0,27,0,0,0,6
2335,70,PhD,Married,59292,0,1,3,8,0,0,101
236,56,PhD,Married,45759,1,1,2,3,0,0,22
536,37,Bachelor,Single,22148,0,0,1,3,0,0,19
352,33,Master,Married,73395,0,0,4,6,0,0,107
196,49,Bachelor,Divorced,29819,1,0,3,3,0,0,27
941,52,Bachelor,Married,45688,0,1,3,8,1,0,18
198,66,Bachelor,Married,62820,0,0,3,6,0,0,464
2735,49,PhD,Married,60491,0,1,6,7,0,0,296
2877,34,Bachelor,Married,33235,1,0,3,3,0,0,18
2284,61,Bachelor,Married,35701,0,0,1,3,0,0,17
1258,40,Master,Married,31535,1,0,1,2,1,0,17
1274,60,Master,Married,92556,0,0,3,13,0,0,719
1488,50,Bachelor,Single,67384,0,1,7,5,1,0,373
2290,49,Master,Married,80573,0,0,4,13,0,0,628
1963,53,Bachelor,Married,77870,0,1,5,5,1,0,615
320,57,PhD,Widow,52278,0,1,10,10,0,0,71
2134,52,Bachelor,Single,57107,0,1,4,8,1,0,120
155,30,Bachelor,Married,18929,0,0,1,4,0,0,31
2588,39,PhD,Single,36038,1,0,3,3,0,0,15
1553,44,Bachelor,Single,20180,0,0,2,4,0,0,81
2141,55,PhD,Married,34230,1,1,1,2,0,0,4
99,43,Master,Single,31878,0,1,1,4,0,0,19
2708,48,Master,Married,70932,0,1,6,12,0,0,339
1284,64,Bachelor,Single,91249,0,0,7,6,1,0,217
1446,77,Master,Single,77598,0,0,7,13,1,0,443
461,61,Bachelor,Single,80982,1,1,11,11,0,1,642
681,43,Master,Married,22701,1,0,1,3,0,0,13
2486,51,PhD,Married,55212,0,1,4,11,1,0,45
1611,50,Bachelor,Married,70617,0,0,3,7,0,0,854
1029,63,Bachelor,Single,64849,0,0,9,6,0,0,492
1051,55,Master,Married,62694,1,1,9,7,0,0,188
2676,46,PhD,Married,61917,1,1,2,4,0,0,42
44,73,PhD,Married,67472,0,1,4,7,0,0,166
2374,38,Master,Married,21059,1,0,3,3,0,0,25
1503,52,Master,Married,29543,1,0,3,2,0,0,24
855,69,Bachelor,Married,75903,0,1,6,9,0,0,423
1078,45,Master,Married,34984,1,1,1,3,0,0,22
711,64,PhD,Single,54998,0,1,4,9,0,0,263
627,71,PhD,Widow,54356,0,1,11,8,0,0,65
960,61,Master,Married,34242,0,1,0,3,0,0,6
1163,47,Bachelor,Married,25410,1,0,1,4,0,0,19
873,36,PhD,Married,73356,0,0,5,5,1,0,336
2218,70,Bachelor,Married,28320,0,1,1,3,0,0,18
1040,43,Bachelor,Single,23763,1,0,1,3,0,0,12
1314,36,Bachelor,Married,72570,0,0,4,12,0,0,450
2740,44,Master,Married,34529,1,0,2,3,0,0,47
281,69,Bachelor,Widow,70792,0,0,3,10,0,0,803
1959,38,Bachelor,Married,63211,0,0,3,7,0,0,857
975,46,Master,Married,83891,0,1,4,10,0,0,499
1600,52,Bachelor,Single,36065,1,1,3,3,0,0,51
428,66,Bachelor,Married,39898,0,1,3,4,0,0,46
931,80,PhD,Single,51141,0,0,3,4,0,0,7
3034,44,Bachelor,Married,56939,0,1,3,10,0,0,227
2069,69,Bachelor,Single,80872,0,0,4,10,0,0,733
24,44,PhD,Married,72335,0,0,10,8,0,0,786
1316,56,PhD,Single,61798,0,0,4,9,0,0,104
1336,70,PhD,Widow,76842,0,0,1,7,0,0,439
1825,44,Bachelor,Married,29478,1,0,1,3,0,0,10
372,64,Bachelor,Single,46998,0,1,5,5,1,0,172
325,30,Bachelor,Single,96843,0,0,6,10,1,0,1062
714,70,PhD,Widow,56551,1,1,2,4,0,0,53
385,55,Master,Married,70053,0,1,8,10,0,0,232
760,58,PhD,Widow,71670,0,0,5,6,1,0,144
552,42,Bachelor,Married,44359,1,1,2,4,0,0,21
1772,68,Bachelor,Single,40887,1,1,3,3,0,0,58
1566,54,Bachelor,Divorced,48877,0,1,3,4,0,0,18
2244,73,Bachelor,Married,74485,0,0,6,12,0,0,1137
1647,48,Bachelor,Married,64474,0,1,8,10,0,0,263
2330,57,Bachelor,Married,77226,0,1,6,12,0,0,410
296,71,Bachelor,Widow,72643,0,0,3,7,1,0,756
2585,42,Master,Married,85738,0,0,3,11,1,0,419
805,54,Bachelor,Divorced,55686,0,1,6,5,1,0,236
812,37,Bachelor,Single,39062,1,0,1,3,1,0,9
182,49,Bachelor,Married,34600,1,1,5,5,0,0,101
1186,45,Bachelor,Married,40794,0,1,6,5,0,0,100
2405,49,Master,Married,54690,1,1,3,5,0,0,60
525,51,Bachelor,Married,4428,0,1,25,0,0,0,18
1934,57,Master,Married,32632,0,0,4,8,0,0,441
2255,52,PhD,Single,38236,1,1,3,4,0,0,20
1812,41,Bachelor,Married,36781,1,0,2,2,0,0,18
2687,36,Master,Single,31385,1,0,1,2,1,0,14
38,36,Bachelor,Married,24570,1,0,4,4,0,0,107
2652,46,PhD,Divorced,25509,1,0,3,3,0,0,43
1127,69,Bachelor,Married,94642,0,0,5,9,1,0,1046
2211,58,Master,Married,58646,0,1,2,4,0,0,51
2707,45,Bachelor,Single,53201,1,1,6,5,0,0,108
1299,63,Bachelor,Married,21994,0,1,0,3,0,0,9
2098,42,Bachelor,Married,57113,1,1,4,5,0,0,37
2246,29,Bachelor,Married,51373,0,0,3,3,0,0,167
2310,34,Bachelor,Married,23477,1,0,3,4,0,0,72
1395,64,Bachelor,Married,58116,0,1,3,8,0,0,153
1386,57,PhD,Divorced,72968,0,0,5,8,1,0,774
2543,49,Master,Married,39791,0,1,3,4,0,0,55
2780,73,Master,Single,91712,0,0,9,11,1,0,864
371,62,Bachelor,Single,94472,0,1,5,5,1,0,558
335,60,Bachelor,Married,13672,1,1,1,3,0,0,13
1040,40,Master,Married,96547,0,0,7,8,1,0,198
2761,45,Bachelor,Married,79205,0,0,6,4,1,0,319
1160,45,PhD,Married,56559,0,1,4,8,0,0,196
580,47,PhD,Married,32644,1,0,7,6,1,0,144
965,40,Master,Single,67506,0,1,4,6,0,0,138
723,50,Bachelor,Single,24206,1,0,1,3,0,0,13
2320,53,PhD,Divorced,28420,1,0,1,2,0,0,9
1510,50,Bachelor,Married,22979,1,0,3,2,0,0,56
823,54,Bachelor,Single,33279,0,0,0,3,0,0,6
382,48,Master,Single,46423,1,1,2,4,0,0,16
2552,43,Bachelor,Married,30368,0,1,2,3,0,0,15
1330,50,Bachelor,Married,63684,0,1,8,8,0,0,716
504,56,Bachelor,Divorced,41638,0,1,5,3,1,0,35
2967,61,PhD,Divorced,68805,0,1,3,7,0,0,68
388,54,PhD,Married,65814,0,1,8,10,0,0,137
1969,62,Bachelor,Divorced,71964,0,0,5,5,0,0,1163
1314,34,Bachelor,Single,39146,1,0,4,4,0,0,47
2109,43,Bachelor,Married,96876,0,0,7,9,1,0,818
779,39,Diploma,Married,34445,0,0,11,8,0,0,452
2373,62,Bachelor,Single,68281,0,0,2,13,0,0,571
1025,45,Master,Married,37284,1,1,0,3,0,0,5
525,37,Bachelor,Married,36790,0,0,2,2,0,0,32
2299,53,Bachelor,Married,27943,1,1,2,3,0,0,21
121,69,Bachelor,Divorced,22263,1,1,1,3,0,1,2
1651,48,Bachelor,Married,30261,1,1,0,3,0,0,5
1045,42,Bachelor,Married,28587,1,0,2,4,0,0,33
2153,38,Master,Married,43815,1,0,2,3,0,0,43
2720,64,Bachelor,Married,48195,1,1,4,5,0,0,147
195,68,Master,Married,77027,0,1,8,6,0,0,344
3037,55,PhD,Married,71322,0,1,8,13,0,0,338
1678,41,Master,Married,32765,1,0,2,4,0,0,27
1508,55,Bachelor,Married,29672,1,1,0,3,0,0,4
2823,67,Bachelor,Divorced,23272,0,0,1,3,0,0,13
2145,71,Master,Married,49912,0,1,10,7,1,0,263
1798,35,Master,Married,7500,1,0,2,3,0,0,47
2796,73,PhD,Widow,68117,0,1,11,4,1,0,259
2195,65,Bachelor,Married,67225,0,1,7,11,0,0,403
2246,44,Bachelor,Married,17649,1,0,3,3,0,0,24
1664,45,Bachelor,Married,55914,0,1,11,8,0,0,543
443,36,Bachelor,Married,40059,1,0,6,3,1,0,149
2620,70,Bachelor,Married,60905,0,1,3,7,0,0,129
1203,43,Bachelor,Married,75330,1,1,10,12,0,0,432
1316,69,Bachelor,Single,60689,0,1,4,10,0,0,369
216,36,Bachelor,Married,38680,1,0,2,3,0,0,51
3040,38,Bachelor,Married,61416,0,0,10,10,1,0,678
1350,29,Bachelor,Single,49767,0,0,5,8,0,0,299
54,50,Bachelor,Single,83273,1,1,4,9,0,0,755
1132,39,Bachelor,Married,29009,1,0,2,3,0,0,31
1064,41,Master,Married,45057,1,0,2,3,0,0,10
1198,49,Bachelor,Married,37150,1,0,4,6,0,0,150
2116,50,Bachelor,Single,43020,1,0,4,4,0,0,110
2165,61,Bachelor,Married,53154,0,1,3,4,0,0,21
103,47,Bachelor,Married,65308,0,0,7,12,1,0,384
765,50,Bachelor,Single,76467,1,0,2,5,0,0,797
310,73,Master,Married,81044,0,0,5,10,0,0,634
3066,69,Bachelor,Married,32871,1,1,1,3,0,0,14
678,45,Bachelor,Single,55801,1,1,7,6,1,0,61
2909,61,Bachelor,Widow,76320,0,1,6,4,0,0,318
2455,65,Master,Single,36927,1,1,3,3,0,0,16
3032,67,Bachelor,Married,48794,1,1,1,3,0,0,14
2385,55,Bachelor,Single,23478,0,0,3,3,0,0,45
2935,47,Bachelor,Divorced,71128,1,0,2,12,0,0,626
2161,44,PhD,Divorced,70179,0,1,7,13,0,0,325
1649,70,Bachelor,Married,59462,0,1,9,12,0,0,160
2769,51,Bachelor,Married,38361,1,0,3,3,0,0,76
1312,38,PhD,Married,70038,0,0,4,8,0,0,473
1868,42,Bachelor,Married,42554,1,1,2,3,0,0,12
2083,46,Bachelor,Married,67445,0,1,9,12,0,0,326
1121,69,Bachelor,Widow,67046,0,1,4,4,0,0,191
361,72,Bachelor,Married,42192,0,0,2,3,0,0,47
1816,68,PhD,Married,77610,0,1,4,4,0,0,386
1673,36,Bachelor,Married,31761,1,0,3,4,0,0,37
481,41,Bachelor,Married,34350,1,0,1,3,0,0,20
3043,71,Bachelor,Married,54591,0,1,6,8,0,0,110
696,64,Bachelor,Married,71866,0,1,6,10,0,0,459
828,51,Bachelor,Married,25293,1,0,1,2,0,0,11
1653,33,PhD,Single,42000,0,0,5,11,0,0,435
2821,37,Bachelor,Married,69520,0,0,9,5,0,0,655
1677,50,Bachelor,Divorced,64713,1,0,5,7,0,0,314
2724,43,Master,Married,27889,1,0,1,2,0,0,4
571,60,Diploma,Widow,22123,0,0,2,3,0,0,61
1278,47,Bachelor,Married,27803,1,0,3,4,0,0,110
3067,60,Bachelor,Married,51651,0,1,6,5,0,0,42
584,32,Bachelor,Married,68487,0,0,9,13,0,0,430
2207,51,Bachelor,Married,56796,0,1,8,7,0,0,261
621,28,Master,Married,87000,0,0,4,7,0,0,699
2990,61,Bachelor,Married,79823,0,1,6,7,1,0,567
1336,40,Bachelor,Single,30828,1,0,1,4,0,0,28
2846,49,Master,Married,34109,0,1,0,3,0,0,8
2054,46,Master,Divorced,53367,1,1,5,8,0,0,157
2755,51,Diploma,Married,22390,0,0,1,2,0,0,20
2971,44,Bachelor,Married,71322,0,1,4,7,0,0,172
1243,27,Bachelor,Single,79244,0,0,4,7,1,0,439
2035,71,Master,Married,49912,0,1,10,7,1,0,263
1072,70,PhD,Married,48699,1,1,1,3,0,0,13
2812,45,Bachelor,Married,80144,0,0,3,8,0,0,827
2897,64,Bachelor,Single,54252,1,1,4,5,0,0,38
911,44,Master,Married,81929,1,0,4,10,1,0,382
300,45,Bachelor,Married,76068,0,1,2,4,1,0,173
826,44,Master,Married,53204,1,1,1,3,0,0,10
1153,71,PhD,Married,67911,0,1,6,11,0,0,419
1944,36,Master,Married,14796,1,0,1,3,0,0,18
2394,46,PhD,Married,78128,0,1,8,6,1,0,270
2598,48,Diploma,Married,14188,0,0,2,4,0,0,34
335,34,Diploma,Married,20425,1,0,2,3,0,0,20
1767,58,Master,Married,58646,0,1,2,4,0,0,51
2071,50,Bachelor,Divorced,72967,0,1,7,8,1,0,214
1804,71,Master,Married,48150,0,1,5,4,0,0,44
1694,59,Bachelor,Single,82332,0,0,5,12,1,0,1078
842,65,Bachelor,Widow,58275,1,1,8,7,0,0,319
2470,39,PhD,Married,44953,0,0,7,13,1,0,161
2334,67,Bachelor,Married,34587,1,1,1,3,0,0,13
773,46,Master,Married,43018,0,1,2,2,0,0,28
1079,66,Master,Married,45736,0,1,7,6,0,0,203
455,51,Master,Married,66476,0,1,6,10,0,0,205
2473,39,Master,Married,27733,1,0,2,3,0,0,38
161,68,PhD,Married,69805,0,1,6,11,0,0,258
2929,58,Master,Single,72217,0,0,3,8,0,0,547
2799,49,Bachelor,Divorced,25818,1,0,0,2,0,0,12
1918,44,Master,Married,37509,1,0,3,4,0,0,73
1159,44,Master,Married,25176,1,1,1,2,0,0,4
393,40,Bachelor,Married,43586,0,1,3,4,0,0,17
2286,64,Master,Married,53230,0,1,5,12,0,0,306
1329,63,Bachelor,Married,50116,1,1,1,4,1,0,10
2015,48,Bachelor,Married,84906,0,0,5,12,1,0,528
1499,54,Bachelor,Married,61286,0,1,7,8,0,0,126
2798,34,PhD,Married,82333,0,0,4,10,1,0,405
709,55,PhD,Married,65220,0,0,8,7,0,0,355
619,46,Bachelor,Married,33590,1,1,1,2,0,0,2
1494,44,Bachelor,Divorced,30992,1,0,1,3,0,0,21
405,44,Master,Single,72309,0,0,5,8,1,0,933
14,71,PhD,Married,156924,0,0,0,0,0,0,4
2379,40,Diploma,Married,16005,1,0,2,2,0,0,25
443,63,Master,Single,65487,0,0,3,6,0,0,766
648,55,Bachelor,Married,58692,0,1,8,4,0,0,76
2123,51,Bachelor,Widow,40590,1,1,3,3,1,0,56
255,50,Bachelor,Single,20587,1,0,1,2,0,0,13
1960,66,Master,Divorced,62637,0,1,2,5,0,0,64
2702,54,Master,Divorced,29435,1,1,3,2,0,0,44
1976,46,Bachelor,Divorced,19346,1,0,1,3,0,0,12
1924,49,Bachelor,Married,35788,1,1,2,3,0,0,16
1878,52,Bachelor,Divorced,36997,1,1,2,4,0,0,24
875,63,Bachelor,Married,23539,0,0,2,4,0,0,51
2275,47,Bachelor,Single,65333,0,1,9,8,1,0,99
1589,63,Bachelor,Single,78499,0,0,11,4,1,0,289
1695,49,PhD,Married,29732,1,0,2,2,0,0,8
713,60,Master,Married,41275,1,1,3,3,0,0,26
173,47,PhD,Married,63516,1,1,4,7,0,0,140
200,58,PhD,Married,42769,0,1,1,4,0,0,16
2876,62,Master,Married,49572,1,1,2,3,0,0,17
124,48,Bachelor,Married,69209,0,0,5,6,1,0,1110
790,44,Bachelor,Married,17148,1,0,3,3,0,0,33
1769,51,Bachelor,Widow,40590,1,1,3,3,1,0,56
1516,44,Master,Married,30560,1,0,1,3,0,0,10
232,37,Master,Married,32146,1,0,2,4,0,0,30
1256,56,Master,Divorced,41713,1,1,3,4,0,0,62
3078,45,Master,Married,34176,0,1,1,3,0,0,13
1583,65,PhD,Married,58482,0,1,7,9,1,0,141
881,55,Bachelor,Single,59686,0,1,4,6,0,0,138
871,56,PhD,Married,60896,0,1,9,4,0,0,489
675,40,Bachelor,Married,62994,1,0,6,4,0,0,64
1798,63,Bachelor,Married,47320,0,1,5,8,0,0,180
2331,71,Master,Widow,74859,0,0,6,11,1,0,820
2270,28,Diploma,Single,15253,1,0,1,3,0,0,14
1171,46,PhD,Single,31560,1,0,2,3,0,0,25
260,66,Bachelor,Divorced,72071,0,1,5,8,0,0,519
2040,30,Master,Single,91172,0,0,4,7,1,0,846
2193,36,Bachelor,Married,90000,0,0,4,5,1,0,371
688,39,Bachelor,Single,41967,1,1,1,3,0,0,14
1280,55,Bachelor,Single,69263,0,1,9,7,1,0,50
2288,50,Master,Divorced,65706,0,0,11,12,1,0,152
